epoch_index,timestamp_start,timestamp_end,predicted_stage,confidence,prob_Wake,prob_REM,prob_Light,prob_Deep
0,0.0,29.6,Wake,0.58,0.58,0.14,0.14,0.14
1,30.0,59.6,Wake,0.58,0.58,0.14,0.14,0.14
2,60.0,89.6,Wake,0.58,0.58,0.14,0.14,0.14
3,90.0,119.6,Wake,0.58,0.58,0.14,0.14,0.14
4,120.0,149.6,Wake,0.58,0.58,0.14,0.14,0.14
5,150.0,179.6,Wake,0.58,0.58,0.14,0.14,0.14
6,180.0,209.6,Wake,0.58,0.58,0.14,0.14,0.14
7,210.0,239.6,Wake,0.58,0.58,0.14,0.14,0.14
8,240.0,269.6,Wake,0.58,0.58,0.14,0.14,0.14
9,270.0,299.6,Wake,0.58,0.58,0.14,0.14,0.14
10,300.0,329.6,Wake,0.58,0.58,0.14,0.14,0.14
11,330.0,359.6,Wake,0.58,0.58,0.14,0.14,0.14
12,360.0,389.6,Wake,0.58,0.58,0.14,0.14,0.14
13,390.0,419.6,Wake,0.58,0.58,0.14,0.14,0.14
14,420.0,449.6,Wake,0.58,0.58,0.14,0.14,0.14
15,450.0,479.6,Wake,0.58,0.58,0.14,0.14,0.14
16,480.0,509.6,Wake,0.58,0.58,0.14,0.14,0.14
17,510.0,539.6,Wake,0.58,0.58,0.14,0.14,0.14
18,540.0,569.6,Wake,0.58,0.58,0.14,0.14,0.14
19,570.0,599.6,Wake,0.58,0.58,0.14,0.14,0.14
20,600.0,629.6,Wake,0.58,0.58,0.14,0.14,0.14
21,630.0,659.6,Wake,0.58,0.58,0.14,0.14,0.14
22,660.0,689.6,Wake,0.58,0.58,0.14,0.14,0.14
23,690.0,719.6,Wake,0.58,0.58,0.14,0.14,0.14
24,720.0,749.6,Wake,0.58,0.58,0.14,0.14,0.14
25,750.0,779.6,Wake,0.58,0.58,0.14,0.14,0.14
26,780.0,809.6,Wake,0.58,0.58,0.14,0.14,0.14
27,810.0,839.6,Wake,0.58,0.58,0.14,0.14,0.14
28,840.0,869.6,Wake,0.58,0.58,0.14,0.14,0.14
29,870.0,899.6,Wake,0.58,0.58,0.14,0.14,0.14
30,900.0,929.6,Wake,0.58,0.58,0.14,0.14,0.14
31,930.0,959.6,Wake,0.58,0.58,0.14,0.14,0.14
32,960.0,989.6,Wake,0.58,0.58,0.14,0.14,0.14
33,990.0,1019.6,Wake,0.58,0.58,0.14,0.14,0.14
34,1020.0,1049.6,Wake,0.58,0.58,0.14,0.14,0.14
35,1050.0,1079.6,Wake,0.58,0.58,0.14,0.14,0.14
36,1080.0,1109.6,Wake,0.58,0.58,0.14,0.14,0.14
37,1110.0,1139.6,Wake,0.58,0.58,0.14,0.14,0.14
38,1140.0,1169.6,Wake,0.58,0.58,0.14,0.14,0.14
39,1170.0,1199.6,Wake,0.58,0.58,0.14,0.14,0.14
40,1200.0,1229.6,Wake,0.58,0.58,0.14,0.14,0.14
41,1230.0,1259.6,Wake,0.58,0.58,0.14,0.14,0.14
42,1260.0,1289.6,Wake,0.58,0.58,0.14,0.14,0.14
43,1290.0,1319.6,Wake,0.65,0.1167,0.1167,0.65,0.1167
44,1320.0,1349.6,Wake,0.58,0.58,0.14,0.14,0.14
45,1350.0,1379.6,Wake,0.58,0.58,0.14,0.14,0.14
46,1380.0,1409.6,Wake,0.58,0.58,0.14,0.14,0.14
47,1410.0,1439.6,Wake,0.58,0.58,0.14,0.14,0.14
48,1440.0,1469.6,Wake,0.65,0.1167,0.1167,0.65,0.1167
49,1470.0,1499.6,Wake,0.58,0.58,0.14,0.14,0.14
50,1500.0,1529.6,Wake,0.58,0.58,0.14,0.14,0.14
51,1530.0,1559.6,Wake,0.65,0.1167,0.1167,0.65,0.1167
52,1560.0,1589.6,Wake,0.58,0.58,0.14,0.14,0.14
53,1590.0,1619.6,Wake,0.58,0.58,0.14,0.14,0.14
54,1620.0,1649.6,Wake,0.65,0.1167,0.1167,0.65,0.1167
55,1650.0,1679.6,Wake,0.58,0.58,0.14,0.14,0.14
56,1680.0,1709.6,Wake,0.65,0.1167,0.1167,0.65,0.1167
57,1710.0,1739.6,Light,0.65,0.1167,0.1167,0.65,0.1167
58,1740.0,1769.6,Wake,0.58,0.58,0.14,0.14,0.14
59,1770.0,1799.6,Wake,0.58,0.58,0.14,0.14,0.14
60,1800.0,1829.6,Wake,0.58,0.58,0.14,0.14,0.14
61,1830.0,1859.6,Wake,0.58,0.58,0.14,0.14,0.14
62,1860.0,1889.6,Wake,0.58,0.58,0.14,0.14,0.14
63,1890.0,1919.6,Wake,0.65,0.1167,0.1167,0.65,0.1167
64,1920.0,1949.6,Wake,0.58,0.58,0.14,0.14,0.14
65,1950.0,1979.6,Wake,0.65,0.1167,0.1167,0.65,0.1167
66,1980.0,2009.6,Wake,0.58,0.58,0.14,0.14,0.14
67,2010.0,2039.6,Wake,0.58,0.58,0.14,0.14,0.14
68,2040.0,2069.6,Wake,0.58,0.58,0.14,0.14,0.14
69,2070.0,2099.6,Wake,0.58,0.58,0.14,0.14,0.14
70,2100.0,2129.6,Wake,0.58,0.58,0.14,0.14,0.14
71,2130.0,2159.6,Wake,0.58,0.58,0.14,0.14,0.14
72,2160.0,2189.6,Wake,0.58,0.58,0.14,0.14,0.14
73,2190.0,2219.6,Wake,0.58,0.58,0.14,0.14,0.14
74,2220.0,2249.6,Wake,0.58,0.58,0.14,0.14,0.14
75,2250.0,2279.6,Wake,0.58,0.58,0.14,0.14,0.14
76,2280.0,2309.6,Wake,0.65,0.1167,0.1167,0.65,0.1167
77,2310.0,2339.6,Light,0.65,0.1167,0.1167,0.65,0.1167
78,2340.0,2369.6,Wake,0.58,0.58,0.14,0.14,0.14
79,2370.0,2399.6,Wake,0.58,0.58,0.14,0.14,0.14
80,2400.0,2429.6,Wake,0.65,0.1167,0.1167,0.65,0.1167
81,2430.0,2459.6,Wake,0.58,0.58,0.14,0.14,0.14
82,2460.0,2489.6,Wake,0.58,0.58,0.14,0.14,0.14
83,2490.0,2519.6,Wake,0.58,0.58,0.14,0.14,0.14
84,2520.0,2549.6,Wake,0.58,0.58,0.14,0.14,0.14
85,2550.0,2579.6,Wake,0.58,0.58,0.14,0.14,0.14
86,2580.0,2609.6,Wake,0.65,0.1167,0.1167,0.65,0.1167
87,2610.0,2639.6,Light,0.65,0.1167,0.1167,0.65,0.1167
88,2640.0,2669.6,Light,0.65,0.1167,0.1167,0.65,0.1167
89,2670.0,2699.6,Wake,0.58,0.58,0.14,0.14,0.14
90,2700.0,2729.6,Wake,0.58,0.58,0.14,0.14,0.14
91,2730.0,2759.6,Wake,0.58,0.58,0.14,0.14,0.14
92,2760.0,2789.6,Wake,0.58,0.58,0.14,0.14,0.14
93,2790.0,2819.6,Wake,0.65,0.1167,0.1167,0.65,0.1167
94,2820.0,2849.6,Wake,0.58,0.58,0.14,0.14,0.14
95,2850.0,2879.6,Wake,0.58,0.58,0.14,0.14,0.14
96,2880.0,2909.6,Wake,0.65,0.1167,0.1167,0.65,0.1167
97,2910.0,2939.6,Wake,0.58,0.58,0.14,0.14,0.14
98,2940.0,2969.6,Wake,0.58,0.58,0.14,0.14,0.14
99,2970.0,2999.6,Wake,0.58,0.58,0.14,0.14,0.14
100,3000.0,3029.6,Wake,0.65,0.1167,0.1167,0.65,0.1167
101,3030.0,3059.6,Light,0.65,0.1167,0.1167,0.65,0.1167
102,3060.0,3089.6,Light,0.65,0.1167,0.1167,0.65,0.1167
103,3090.0,3119.6,Wake,0.58,0.58,0.14,0.14,0.14
104,3120.0,3149.6,Wake,0.58,0.58,0.14,0.14,0.14
105,3150.0,3179.6,Wake,0.65,0.1167,0.1167,0.65,0.1167
106,3180.0,3209.6,Light,0.65,0.1167,0.1167,0.65,0.1167
107,3210.0,3239.6,Light,0.65,0.1167,0.1167,0.65,0.1167
108,3240.0,3269.6,Light,0.65,0.1167,0.1167,0.65,0.1167
109,3270.0,3299.6,Light,0.65,0.1167,0.1167,0.65,0.1167
110,3300.0,3329.6,Wake,0.58,0.58,0.14,0.14,0.14
111,3330.0,3359.6,Wake,0.65,0.1167,0.1167,0.65,0.1167
112,3360.0,3389.6,Light,0.65,0.1167,0.1167,0.65,0.1167
113,3390.0,3419.6,Wake,0.58,0.58,0.14,0.14,0.14
114,3420.0,3449.6,Wake,0.65,0.1167,0.1167,0.65,0.1167
115,3450.0,3479.6,Light,0.65,0.1167,0.1167,0.65,0.1167
116,3480.0,3509.6,Wake,0.58,0.58,0.14,0.14,0.14
117,3510.0,3539.6,Wake,0.65,0.1167,0.1167,0.65,0.1167
118,3540.0,3569.6,Wake,0.58,0.58,0.14,0.14,0.14
119,3570.0,3599.6,Wake,0.58,0.58,0.14,0.14,0.14
120,3600.0,3629.6,Wake,0.65,0.1167,0.1167,0.65,0.1167
121,3630.0,3659.6,Wake,0.58,0.58,0.14,0.14,0.14
122,3660.0,3689.6,Wake,0.58,0.58,0.14,0.14,0.14
123,3690.0,3719.6,Wake,0.58,0.58,0.14,0.14,0.14
124,3720.0,3749.6,Wake,0.58,0.58,0.14,0.14,0.14
125,3750.0,3779.6,Wake,0.65,0.1167,0.1167,0.65,0.1167
126,3780.0,3809.6,Wake,0.58,0.58,0.14,0.14,0.14
127,3810.0,3839.6,Wake,0.58,0.58,0.14,0.14,0.14
128,3840.0,3869.6,Wake,0.65,0.1167,0.1167,0.65,0.1167
129,3870.0,3899.6,Light,0.65,0.1167,0.1167,0.65,0.1167
130,3900.0,3929.6,Light,0.65,0.1167,0.1167,0.65,0.1167
131,3930.0,3959.6,Light,0.65,0.1167,0.1167,0.65,0.1167
132,3960.0,3989.6,Wake,0.58,0.58,0.14,0.14,0.14
133,3990.0,4019.6,Wake,0.58,0.58,0.14,0.14,0.14
134,4020.0,4049.6,Wake,0.58,0.58,0.14,0.14,0.14
135,4050.0,4079.6,Wake,0.58,0.58,0.14,0.14,0.14
136,4080.0,4109.6,Wake,0.58,0.58,0.14,0.14,0.14
137,4110.0,4139.6,Wake,0.58,0.58,0.14,0.14,0.14
138,4140.0,4169.6,Wake,0.58,0.58,0.14,0.14,0.14
139,4170.0,4199.6,Wake,0.58,0.58,0.14,0.14,0.14
140,4200.0,4229.6,Wake,0.58,0.58,0.14,0.14,0.14
141,4230.0,4259.6,Wake,0.58,0.58,0.14,0.14,0.14
142,4260.0,4289.6,Wake,0.58,0.58,0.14,0.14,0.14
143,4290.0,4319.6,Wake,0.58,0.58,0.14,0.14,0.14
144,4320.0,4349.6,Wake,0.58,0.58,0.14,0.14,0.14
145,4350.0,4379.6,Wake,0.58,0.58,0.14,0.14,0.14
146,4380.0,4409.6,Wake,0.58,0.58,0.14,0.14,0.14
147,4410.0,4439.6,Wake,0.58,0.58,0.14,0.14,0.14
148,4440.0,4469.6,Wake,0.58,0.58,0.14,0.14,0.14
149,4470.0,4499.6,Wake,0.58,0.58,0.14,0.14,0.14
150,4500.0,4529.6,Wake,0.58,0.58,0.14,0.14,0.14
151,4530.0,4559.6,Wake,0.58,0.58,0.14,0.14,0.14
152,4560.0,4589.6,Wake,0.58,0.58,0.14,0.14,0.14
153,4590.0,4619.6,Wake,0.58,0.58,0.14,0.14,0.14
154,4620.0,4649.6,Wake,0.58,0.58,0.14,0.14,0.14
155,4650.0,4679.6,Wake,0.58,0.58,0.14,0.14,0.14
156,4680.0,4709.6,Wake,0.58,0.58,0.14,0.14,0.14
157,4710.0,4739.6,Wake,0.58,0.58,0.14,0.14,0.14
158,4740.0,4769.6,Wake,0.58,0.58,0.14,0.14,0.14
159,4770.0,4799.6,Wake,0.58,0.58,0.14,0.14,0.14
160,4800.0,4829.6,Wake,0.65,0.1167,0.1167,0.65,0.1167
161,4830.0,4859.6,Wake,0.58,0.58,0.14,0.14,0.14
162,4860.0,4889.6,Wake,0.58,0.58,0.14,0.14,0.14
163,4890.0,4919.6,Wake,0.65,0.1167,0.1167,0.65,0.1167
164,4920.0,4949.6,Light,0.65,0.1167,0.1167,0.65,0.1167
165,4950.0,4979.6,Light,0.65,0.1167,0.1167,0.65,0.1167
166,4980.0,5009.6,Wake,0.58,0.58,0.14,0.14,0.14
167,5010.0,5039.6,Wake,0.58,0.58,0.14,0.14,0.14
168,5040.0,5069.6,Wake,0.65,0.1167,0.1167,0.65,0.1167
169,5070.0,5099.6,Light,0.65,0.1167,0.1167,0.65,0.1167
170,5100.0,5129.6,Wake,0.58,0.58,0.14,0.14,0.14
171,5130.0,5159.6,Wake,0.58,0.58,0.14,0.14,0.14
172,5160.0,5189.6,Wake,0.58,0.58,0.14,0.14,0.14
173,5190.0,5219.6,Wake,0.58,0.58,0.14,0.14,0.14
174,5220.0,5249.6,Wake,0.58,0.58,0.14,0.14,0.14
175,5250.0,5279.6,Wake,0.58,0.58,0.14,0.14,0.14
176,5280.0,5309.6,Wake,0.65,0.1167,0.1167,0.65,0.1167
177,5310.0,5339.6,Light,0.65,0.1167,0.1167,0.65,0.1167
178,5340.0,5369.6,Light,0.65,0.1167,0.1167,0.65,0.1167
179,5370.0,5399.6,Wake,0.58,0.58,0.14,0.14,0.14
180,5400.0,5429.6,Wake,0.58,0.58,0.14,0.14,0.14
181,5430.0,5459.6,Wake,0.58,0.58,0.14,0.14,0.14
182,5460.0,5489.6,Wake,0.58,0.58,0.14,0.14,0.14
183,5490.0,5519.6,Wake,0.58,0.58,0.14,0.14,0.14
184,5520.0,5549.6,Wake,0.58,0.58,0.14,0.14,0.14
185,5550.0,5579.6,Wake,0.58,0.58,0.14,0.14,0.14
186,5580.0,5609.6,Wake,0.58,0.58,0.14,0.14,0.14
187,5610.0,5639.6,Wake,0.65,0.1167,0.1167,0.65,0.1167
188,5640.0,5669.6,Wake,0.58,0.58,0.14,0.14,0.14
189,5670.0,5699.6,Wake,0.58,0.58,0.14,0.14,0.14
190,5700.0,5729.6,Wake,0.65,0.1167,0.1167,0.65,0.1167
191,5730.0,5759.6,Light,0.65,0.1167,0.1167,0.65,0.1167
192,5760.0,5789.6,Wake,0.58,0.58,0.14,0.14,0.14
193,5790.0,5819.6,Wake,0.65,0.1167,0.1167,0.65,0.1167
194,5820.0,5849.6,Wake,0.58,0.58,0.14,0.14,0.14
195,5850.0,5879.6,Wake,0.58,0.58,0.14,0.14,0.14
196,5880.0,5909.6,Wake,0.58,0.58,0.14,0.14,0.14
197,5910.0,5939.6,Wake,0.65,0.1167,0.1167,0.65,0.1167
198,5940.0,5969.6,Light,0.65,0.1167,0.1167,0.65,0.1167
199,5970.0,5999.6,Wake,0.58,0.58,0.14,0.14,0.14
200,6000.0,6029.6,Wake,0.58,0.58,0.14,0.14,0.14
201,6030.0,6059.6,Wake,0.65,0.1167,0.1167,0.65,0.1167
202,6060.0,6089.6,Light,0.65,0.1167,0.1167,0.65,0.1167
203,6090.0,6119.6,Wake,0.58,0.58,0.14,0.14,0.14
204,6120.0,6149.6,Wake,0.65,0.1167,0.1167,0.65,0.1167
205,6150.0,6179.6,Light,0.65,0.1167,0.1167,0.65,0.1167
206,6180.0,6209.6,Wake,0.58,0.58,0.14,0.14,0.14
207,6210.0,6239.6,Wake,0.65,0.1167,0.1167,0.65,0.1167
208,6240.0,6269.6,Light,0.65,0.1167,0.1167,0.65,0.1167
209,6270.0,6299.6,Wake,0.58,0.58,0.14,0.14,0.14
210,6300.0,6329.6,Wake,0.58,0.58,0.14,0.14,0.14
211,6330.0,6359.6,Wake,0.65,0.1167,0.1167,0.65,0.1167
212,6360.0,6389.6,Wake,0.58,0.58,0.14,0.14,0.14
213,6390.0,6419.6,Wake,0.65,0.1167,0.1167,0.65,0.1167
214,6420.0,6449.6,Light,0.65,0.1167,0.1167,0.65,0.1167
215,6450.0,6479.6,Wake,0.58,0.58,0.14,0.14,0.14
216,6480.0,6509.6,Wake,0.58,0.58,0.14,0.14,0.14
217,6510.0,6539.6,Wake,0.65,0.1167,0.1167,0.65,0.1167
218,6540.0,6569.6,Light,0.65,0.1167,0.1167,0.65,0.1167
219,6570.0,6599.6,Wake,0.58,0.58,0.14,0.14,0.14
220,6600.0,6629.6,Wake,0.65,0.1167,0.1167,0.65,0.1167
221,6630.0,6659.6,Light,0.65,0.1167,0.1167,0.65,0.1167
222,6660.0,6689.6,Light,0.65,0.1167,0.1167,0.65,0.1167
223,6690.0,6719.6,Wake,0.58,0.58,0.14,0.14,0.14
224,6720.0,6749.6,Wake,0.65,0.1167,0.1167,0.65,0.1167
225,6750.0,6779.6,Light,0.65,0.1167,0.1167,0.65,0.1167
226,6780.0,6809.6,Light,0.65,0.1167,0.1167,0.65,0.1167
227,6810.0,6839.6,Light,0.65,0.1167,0.1167,0.65,0.1167
228,6840.0,6869.6,Light,0.65,0.1167,0.1167,0.65,0.1167
229,6870.0,6899.6,Light,0.65,0.1167,0.1167,0.65,0.1167
230,6900.0,6929.6,Wake,0.58,0.58,0.14,0.14,0.14
231,6930.0,6959.6,Wake,0.65,0.1167,0.1167,0.65,0.1167
232,6960.0,6989.6,Light,0.65,0.1167,0.1167,0.65,0.1167
233,6990.0,7019.6,Light,0.65,0.1167,0.1167,0.65,0.1167
234,7020.0,7049.6,Light,0.65,0.1167,0.1167,0.65,0.1167
235,7050.0,7079.6,Light,0.65,0.1167,0.1167,0.65,0.1167
236,7080.0,7109.6,Light,0.65,0.1167,0.1167,0.65,0.1167
237,7110.0,7139.6,Light,0.65,0.1167,0.1167,0.65,0.1167
238,7140.0,7169.6,Wake,0.58,0.58,0.14,0.14,0.14
239,7170.0,7199.6,Wake,0.58,0.58,0.14,0.14,0.14
240,7200.0,7229.6,Wake,0.65,0.1167,0.1167,0.65,0.1167
241,7230.0,7259.6,Wake,0.58,0.58,0.14,0.14,0.14
242,7260.0,7289.6,Wake,0.58,0.58,0.14,0.14,0.14
243,7290.0,7319.6,Wake,0.58,0.58,0.14,0.14,0.14
244,7320.0,7349.6,Wake,0.65,0.1167,0.1167,0.65,0.1167
245,7350.0,7379.6,Light,0.65,0.1167,0.1167,0.65,0.1167
246,7380.0,7409.6,Wake,0.58,0.58,0.14,0.14,0.14
247,7410.0,7439.6,Wake,0.65,0.1167,0.1167,0.65,0.1167
248,7440.0,7469.6,Light,0.65,0.1167,0.1167,0.65,0.1167
249,7470.0,7499.6,Wake,0.58,0.58,0.14,0.14,0.14
250,7500.0,7529.6,Wake,0.58,0.58,0.14,0.14,0.14
251,7530.0,7559.6,Wake,0.65,0.1167,0.1167,0.65,0.1167
252,7560.0,7589.6,Light,0.65,0.1167,0.1167,0.65,0.1167
253,7590.0,7619.6,Light,0.65,0.1167,0.1167,0.65,0.1167
254,7620.0,7649.6,Light,0.65,0.1167,0.1167,0.65,0.1167
255,7650.0,7679.6,Wake,0.58,0.58,0.14,0.14,0.14
256,7680.0,7709.6,Wake,0.65,0.1167,0.1167,0.65,0.1167
257,7710.0,7739.6,Light,0.65,0.1167,0.1167,0.65,0.1167
258,7740.0,7769.6,Light,0.65,0.1167,0.1167,0.65,0.1167
259,7770.0,7799.6,Light,0.65,0.1167,0.1167,0.65,0.1167
260,7800.0,7829.6,Wake,0.58,0.58,0.14,0.14,0.14
261,7830.0,7859.6,Wake,0.65,0.1167,0.1167,0.65,0.1167
262,7860.0,7889.6,Light,0.65,0.1167,0.1167,0.65,0.1167
263,7890.0,7919.6,Wake,0.58,0.58,0.14,0.14,0.14
264,7920.0,7949.6,Wake,0.65,0.1167,0.1167,0.65,0.1167
265,7950.0,7979.6,Light,0.65,0.1167,0.1167,0.65,0.1167
266,7980.0,8009.6,Wake,0.58,0.58,0.14,0.14,0.14
267,8010.0,8039.6,Wake,0.65,0.1167,0.1167,0.65,0.1167
268,8040.0,8069.6,Light,0.65,0.1167,0.1167,0.65,0.1167
269,8070.0,8099.6,Light,0.65,0.1167,0.1167,0.65,0.1167
270,8100.0,8129.6,Light,0.65,0.1167,0.1167,0.65,0.1167
271,8130.0,8159.6,Light,0.65,0.1167,0.1167,0.65,0.1167
272,8160.0,8189.6,Wake,0.58,0.58,0.14,0.14,0.14
273,8190.0,8219.6,Wake,0.65,0.1167,0.1167,0.65,0.1167
274,8220.0,8249.6,Light,0.65,0.1167,0.1167,0.65,0.1167
275,8250.0,8279.6,Light,0.65,0.1167,0.1167,0.65,0.1167
276,8280.0,8309.6,Light,0.65,0.1167,0.1167,0.65,0.1167
277,8310.0,8339.6,Wake,0.58,0.58,0.14,0.14,0.14
278,8340.0,8369.6,Wake,0.65,0.1167,0.1167,0.65,0.1167
279,8370.0,8399.6,Wake,0.58,0.58,0.14,0.14,0.14
280,8400.0,8429.6,Wake,0.58,0.58,0.14,0.14,0.14
281,8430.0,8459.6,Wake,0.65,0.1167,0.1167,0.65,0.1167
282,8460.0,8489.6,Wake,0.58,0.58,0.14,0.14,0.14
283,8490.0,8519.6,Wake,0.65,0.1167,0.1167,0.65,0.1167
284,8520.0,8549.6,Light,0.65,0.1167,0.1167,0.65,0.1167
285,8550.0,8579.6,Wake,0.58,0.58,0.14,0.14,0.14
286,8580.0,8609.6,Wake,0.58,0.58,0.14,0.14,0.14
287,8610.0,8639.6,Wake,0.58,0.58,0.14,0.14,0.14
288,8640.0,8669.6,Wake,0.58,0.58,0.14,0.14,0.14
289,8670.0,8699.6,Wake,0.65,0.1167,0.1167,0.65,0.1167
290,8700.0,8729.6,Light,0.65,0.1167,0.1167,0.65,0.1167
291,8730.0,8759.6,Wake,0.58,0.58,0.14,0.14,0.14
292,8760.0,8789.6,Wake,0.65,0.1167,0.1167,0.65,0.1167
293,8790.0,8819.6,Light,0.65,0.1167,0.1167,0.65,0.1167
294,8820.0,8849.6,Wake,0.58,0.58,0.14,0.14,0.14
295,8850.0,8879.6,Wake,0.58,0.58,0.14,0.14,0.14
296,8880.0,8909.6,Wake,0.65,0.1167,0.1167,0.65,0.1167
297,8910.0,8939.6,Light,0.65,0.1167,0.1167,0.65,0.1167
298,8940.0,8969.6,Wake,0.58,0.58,0.14,0.14,0.14
299,8970.0,8999.6,Wake,0.65,0.1167,0.1167,0.65,0.1167
300,9000.0,9029.6,Light,0.65,0.1167,0.1167,0.65,0.1167
301,9030.0,9059.6,Wake,0.58,0.58,0.14,0.14,0.14
302,9060.0,9089.6,Wake,0.65,0.1167,0.1167,0.65,0.1167
303,9090.0,9119.6,Light,0.65,0.1167,0.1167,0.65,0.1167
304,9120.0,9149.6,Wake,0.58,0.58,0.14,0.14,0.14
305,9150.0,9179.6,Wake,0.58,0.58,0.14,0.14,0.14
306,9180.0,9209.6,Wake,0.58,0.58,0.14,0.14,0.14
307,9210.0,9239.6,Wake,0.58,0.58,0.14,0.14,0.14
308,9240.0,9269.6,Wake,0.58,0.58,0.14,0.14,0.14
309,9270.0,9299.6,Wake,0.58,0.58,0.14,0.14,0.14
310,9300.0,9329.6,Wake,0.58,0.58,0.14,0.14,0.14
311,9330.0,9359.6,Wake,0.58,0.58,0.14,0.14,0.14
312,9360.0,9389.6,Wake,0.65,0.1167,0.1167,0.65,0.1167
313,9390.0,9419.6,Light,0.65,0.1167,0.1167,0.65,0.1167
314,9420.0,9449.6,Light,0.65,0.1167,0.1167,0.65,0.1167
315,9450.0,9479.6,Wake,0.58,0.58,0.14,0.14,0.14
316,9480.0,9509.6,Wake,0.58,0.58,0.14,0.14,0.14
317,9510.0,9539.6,Wake,0.58,0.58,0.14,0.14,0.14
318,9540.0,9569.6,Wake,0.58,0.58,0.14,0.14,0.14
319,9570.0,9599.6,Wake,0.65,0.1167,0.1167,0.65,0.1167
320,9600.0,9629.6,Wake,0.58,0.58,0.14,0.14,0.14
321,9630.0,9659.6,Wake,0.58,0.58,0.14,0.14,0.14
322,9660.0,9689.6,Wake,0.65,0.1167,0.1167,0.65,0.1167
323,9690.0,9719.6,Light,0.65,0.1167,0.1167,0.65,0.1167
324,9720.0,9749.6,Light,0.65,0.1167,0.1167,0.65,0.1167
325,9750.0,9779.6,Wake,0.58,0.58,0.14,0.14,0.14
326,9780.0,9809.6,Wake,0.58,0.58,0.14,0.14,0.14
327,9810.0,9839.6,Wake,0.58,0.58,0.14,0.14,0.14
328,9840.0,9869.6,Wake,0.58,0.58,0.14,0.14,0.14
329,9870.0,9899.6,Wake,0.58,0.58,0.14,0.14,0.14
330,9900.0,9929.6,Wake,0.65,0.1167,0.1167,0.65,0.1167
331,9930.0,9959.6,Light,0.65,0.1167,0.1167,0.65,0.1167
332,9960.0,9989.6,Light,0.65,0.1167,0.1167,0.65,0.1167
333,9990.0,10019.6,Wake,0.58,0.58,0.14,0.14,0.14
334,10020.0,10049.6,Wake,0.58,0.58,0.14,0.14,0.14
335,10050.0,10079.6,Wake,0.65,0.1167,0.1167,0.65,0.1167
336,10080.0,10109.6,Light,0.65,0.1167,0.1167,0.65,0.1167
337,10110.0,10139.6,Wake,0.58,0.58,0.14,0.14,0.14
338,10140.0,10169.6,Wake,0.65,0.1167,0.1167,0.65,0.1167
339,10170.0,10199.6,Wake,0.58,0.58,0.14,0.14,0.14
340,10200.0,10229.6,Wake,0.58,0.58,0.14,0.14,0.14
341,10230.0,10259.6,Wake,0.58,0.58,0.14,0.14,0.14
342,10260.0,10289.6,Wake,0.58,0.58,0.14,0.14,0.14
343,10290.0,10319.6,Wake,0.58,0.58,0.14,0.14,0.14
344,10320.0,10349.6,Wake,0.65,0.1167,0.1167,0.65,0.1167
345,10350.0,10379.6,Wake,0.58,0.58,0.14,0.14,0.14
346,10380.0,10409.6,Wake,0.65,0.1167,0.1167,0.65,0.1167
347,10410.0,10439.6,Wake,0.58,0.58,0.14,0.14,0.14
348,10440.0,10469.6,Wake,0.65,0.1167,0.1167,0.65,0.1167
349,10470.0,10499.6,Light,0.65,0.1167,0.1167,0.65,0.1167
350,10500.0,10529.6,Light,0.65,0.1167,0.1167,0.65,0.1167
351,10530.0,10559.6,Wake,0.58,0.58,0.14,0.14,0.14
352,10560.0,10589.6,Wake,0.65,0.1167,0.1167,0.65,0.1167
353,10590.0,10619.6,Wake,0.58,0.58,0.14,0.14,0.14
354,10620.0,10649.6,Wake,0.58,0.58,0.14,0.14,0.14
355,10650.0,10679.6,Wake,0.58,0.58,0.14,0.14,0.14
356,10680.0,10709.6,Wake,0.65,0.1167,0.1167,0.65,0.1167
357,10710.0,10739.6,Light,0.65,0.1167,0.1167,0.65,0.1167
358,10740.0,10769.6,Light,0.65,0.1167,0.1167,0.65,0.1167
359,10770.0,10799.6,Wake,0.58,0.58,0.14,0.14,0.14
360,10800.0,10829.6,Wake,0.58,0.58,0.14,0.14,0.14
361,10830.0,10859.6,Wake,0.58,0.58,0.14,0.14,0.14
362,10860.0,10889.6,Wake,0.58,0.58,0.14,0.14,0.14
363,10890.0,10919.6,Wake,0.58,0.58,0.14,0.14,0.14
364,10920.0,10949.6,Wake,0.58,0.58,0.14,0.14,0.14
365,10950.0,10979.6,Wake,0.58,0.58,0.14,0.14,0.14
366,10980.0,11009.6,Wake,0.58,0.58,0.14,0.14,0.14
367,11010.0,11039.6,Wake,0.58,0.58,0.14,0.14,0.14
368,11040.0,11069.6,Wake,0.58,0.58,0.14,0.14,0.14
369,11070.0,11099.6,Wake,0.58,0.58,0.14,0.14,0.14
370,11100.0,11129.6,Wake,0.58,0.58,0.14,0.14,0.14
371,11130.0,11159.6,Wake,0.58,0.58,0.14,0.14,0.14
372,11160.0,11189.6,Wake,0.58,0.58,0.14,0.14,0.14
373,11190.0,11219.6,Wake,0.58,0.58,0.14,0.14,0.14
374,11220.0,11249.6,Wake,0.58,0.58,0.14,0.14,0.14
375,11250.0,11279.6,Wake,0.58,0.58,0.14,0.14,0.14
376,11280.0,11309.6,Wake,0.58,0.58,0.14,0.14,0.14
377,11310.0,11339.6,Wake,0.58,0.58,0.14,0.14,0.14
378,11340.0,11369.6,Wake,0.58,0.58,0.14,0.14,0.14
379,11370.0,11399.6,Wake,0.58,0.58,0.14,0.14,0.14
380,11400.0,11429.6,Wake,0.58,0.58,0.14,0.14,0.14
381,11430.0,11459.6,Wake,0.58,0.58,0.14,0.14,0.14
382,11460.0,11489.6,Wake,0.58,0.58,0.14,0.14,0.14
383,11490.0,11519.6,Wake,0.58,0.58,0.14,0.14,0.14
384,11520.0,11549.6,Wake,0.58,0.58,0.14,0.14,0.14
385,11550.0,11579.6,Wake,0.65,0.1167,0.1167,0.65,0.1167
386,11580.0,11609.6,Wake,0.58,0.58,0.14,0.14,0.14
387,11610.0,11639.6,Wake,0.58,0.58,0.14,0.14,0.14
388,11640.0,11669.6,Wake,0.58,0.58,0.14,0.14,0.14
389,11670.0,11699.6,Wake,0.58,0.58,0.14,0.14,0.14
390,11700.0,11729.6,Wake,0.58,0.58,0.14,0.14,0.14
391,11730.0,11759.6,Wake,0.58,0.58,0.14,0.14,0.14
392,11760.0,11789.6,Wake,0.58,0.58,0.14,0.14,0.14
393,11790.0,11819.6,Wake,0.58,0.58,0.14,0.14,0.14
394,11820.0,11849.6,Wake,0.65,0.1167,0.1167,0.65,0.1167
395,11850.0,11879.6,Light,0.65,0.1167,0.1167,0.65,0.1167
396,11880.0,11909.6,Light,0.65,0.1167,0.1167,0.65,0.1167
397,11910.0,11939.6,Light,0.65,0.1167,0.1167,0.65,0.1167
398,11940.0,11969.6,Wake,0.58,0.58,0.14,0.14,0.14
399,11970.0,11999.6,Wake,0.58,0.58,0.14,0.14,0.14
400,12000.0,12029.6,Wake,0.58,0.58,0.14,0.14,0.14
401,12030.0,12059.6,Wake,0.65,0.1167,0.1167,0.65,0.1167
402,12060.0,12089.6,Light,0.65,0.1167,0.1167,0.65,0.1167
403,12090.0,12119.6,Light,0.65,0.1167,0.1167,0.65,0.1167
404,12120.0,12149.6,Wake,0.58,0.58,0.14,0.14,0.14
405,12150.0,12179.6,Wake,0.58,0.58,0.14,0.14,0.14
406,12180.0,12209.6,Wake,0.58,0.58,0.14,0.14,0.14
407,12210.0,12239.6,Wake,0.65,0.1167,0.1167,0.65,0.1167
408,12240.0,12269.6,Light,0.65,0.1167,0.1167,0.65,0.1167
409,12270.0,12299.6,Wake,0.58,0.58,0.14,0.14,0.14
410,12300.0,12329.6,Wake,0.65,0.1167,0.1167,0.65,0.1167
411,12330.0,12359.6,Light,0.65,0.1167,0.1167,0.65,0.1167
412,12360.0,12389.6,Light,0.65,0.1167,0.1167,0.65,0.1167
413,12390.0,12419.6,Light,0.65,0.1167,0.1167,0.65,0.1167
414,12420.0,12449.6,Wake,0.58,0.58,0.14,0.14,0.14
415,12450.0,12479.6,Wake,0.58,0.58,0.14,0.14,0.14
416,12480.0,12509.6,Wake,0.58,0.58,0.14,0.14,0.14
417,12510.0,12539.6,Wake,0.58,0.58,0.14,0.14,0.14
418,12540.0,12569.6,Wake,0.58,0.58,0.14,0.14,0.14
419,12570.0,12599.6,Wake,0.58,0.58,0.14,0.14,0.14
420,12600.0,12629.6,Wake,0.58,0.58,0.14,0.14,0.14
421,12630.0,12659.6,Wake,0.58,0.58,0.14,0.14,0.14
422,12660.0,12689.6,Wake,0.58,0.58,0.14,0.14,0.14
423,12690.0,12719.6,Wake,0.58,0.58,0.14,0.14,0.14
424,12720.0,12749.6,Wake,0.58,0.58,0.14,0.14,0.14
425,12750.0,12779.6,Wake,0.58,0.58,0.14,0.14,0.14
426,12780.0,12809.6,Wake,0.58,0.58,0.14,0.14,0.14
427,12810.0,12839.6,Wake,0.58,0.58,0.14,0.14,0.14
428,12840.0,12869.6,Wake,0.58,0.58,0.14,0.14,0.14
429,12870.0,12899.6,Wake,0.58,0.58,0.14,0.14,0.14
430,12900.0,12929.6,Wake,0.58,0.58,0.14,0.14,0.14
431,12930.0,12959.6,Wake,0.58,0.58,0.14,0.14,0.14
432,12960.0,12989.6,Wake,0.58,0.58,0.14,0.14,0.14
433,12990.0,13019.6,Wake,0.58,0.58,0.14,0.14,0.14
434,13020.0,13049.6,Wake,0.58,0.58,0.14,0.14,0.14
435,13050.0,13079.6,Wake,0.58,0.58,0.14,0.14,0.14
436,13080.0,13109.6,Wake,0.58,0.58,0.14,0.14,0.14
437,13110.0,13139.6,Wake,0.58,0.58,0.14,0.14,0.14
438,13140.0,13169.6,Wake,0.58,0.58,0.14,0.14,0.14
439,13170.0,13199.6,Wake,0.58,0.58,0.14,0.14,0.14
440,13200.0,13229.6,Wake,0.58,0.58,0.14,0.14,0.14
441,13230.0,13259.6,Wake,0.58,0.58,0.14,0.14,0.14
442,13260.0,13289.6,Wake,0.65,0.1167,0.1167,0.65,0.1167
443,13290.0,13319.6,Wake,0.58,0.58,0.14,0.14,0.14
444,13320.0,13349.6,Wake,0.58,0.58,0.14,0.14,0.14
445,13350.0,13379.6,Wake,0.58,0.58,0.14,0.14,0.14
446,13380.0,13409.6,Wake,0.65,0.1167,0.1167,0.65,0.1167
447,13410.0,13439.6,Wake,0.58,0.58,0.14,0.14,0.14
448,13440.0,13469.6,Wake,0.58,0.58,0.14,0.14,0.14
449,13470.0,13499.6,Wake,0.58,0.58,0.14,0.14,0.14
450,13500.0,13529.6,Wake,0.58,0.58,0.14,0.14,0.14
451,13530.0,13559.6,Wake,0.58,0.58,0.14,0.14,0.14
452,13560.0,13589.6,Wake,0.58,0.58,0.14,0.14,0.14
453,13590.0,13619.6,Wake,0.58,0.58,0.14,0.14,0.14
454,13620.0,13649.6,Wake,0.58,0.58,0.14,0.14,0.14
455,13650.0,13679.6,Wake,0.58,0.58,0.14,0.14,0.14
456,13680.0,13709.6,Wake,0.65,0.1167,0.1167,0.65,0.1167
457,13710.0,13739.6,Wake,0.58,0.58,0.14,0.14,0.14
458,13740.0,13769.6,Wake,0.58,0.58,0.14,0.14,0.14
459,13770.0,13799.6,Wake,0.58,0.58,0.14,0.14,0.14
460,13800.0,13829.6,Wake,0.65,0.1167,0.1167,0.65,0.1167
461,13830.0,13859.6,Wake,0.58,0.58,0.14,0.14,0.14
462,13860.0,13889.6,Wake,0.58,0.58,0.14,0.14,0.14
463,13890.0,13919.6,Wake,0.58,0.58,0.14,0.14,0.14
464,13920.0,13949.6,Wake,0.65,0.1167,0.1167,0.65,0.1167
465,13950.0,13979.6,Wake,0.58,0.58,0.14,0.14,0.14
466,13980.0,14009.6,Wake,0.58,0.58,0.14,0.14,0.14
467,14010.0,14039.6,Wake,0.65,0.1167,0.1167,0.65,0.1167
468,14040.0,14069.6,Light,0.65,0.1167,0.1167,0.65,0.1167
469,14070.0,14099.6,Light,0.65,0.1167,0.1167,0.65,0.1167
470,14100.0,14129.6,Wake,0.58,0.58,0.14,0.14,0.14
471,14130.0,14159.6,Wake,0.58,0.58,0.14,0.14,0.14
472,14160.0,14189.6,Wake,0.58,0.58,0.14,0.14,0.14
473,14190.0,14219.6,Wake,0.58,0.58,0.14,0.14,0.14
474,14220.0,14249.6,Wake,0.58,0.58,0.14,0.14,0.14
475,14250.0,14279.6,Wake,0.58,0.58,0.14,0.14,0.14
476,14280.0,14309.6,Wake,0.58,0.58,0.14,0.14,0.14
477,14310.0,14339.6,Wake,0.65,0.1167,0.1167,0.65,0.1167
478,14340.0,14369.6,Light,0.65,0.1167,0.1167,0.65,0.1167
479,14370.0,14399.6,Wake,0.58,0.58,0.14,0.14,0.14
480,14400.0,14429.6,Wake,0.58,0.58,0.14,0.14,0.14
481,14430.0,14459.6,Wake,0.58,0.58,0.14,0.14,0.14
482,14460.0,14489.6,Wake,0.65,0.1167,0.1167,0.65,0.1167
483,14490.0,14519.6,Light,0.65,0.1167,0.1167,0.65,0.1167
484,14520.0,14549.6,Light,0.65,0.1167,0.1167,0.65,0.1167
485,14550.0,14579.6,Wake,0.58,0.58,0.14,0.14,0.14
486,14580.0,14609.6,Wake,0.65,0.1167,0.1167,0.65,0.1167
487,14610.0,14639.6,Light,0.65,0.1167,0.1167,0.65,0.1167
488,14640.0,14669.6,Wake,0.58,0.58,0.14,0.14,0.14
489,14670.0,14699.6,Wake,0.58,0.58,0.14,0.14,0.14
490,14700.0,14729.6,Wake,0.65,0.1167,0.1167,0.65,0.1167
491,14730.0,14759.6,Light,0.65,0.1167,0.1167,0.65,0.1167
492,14760.0,14789.6,Light,0.65,0.1167,0.1167,0.65,0.1167
493,14790.0,14819.6,Wake,0.58,0.58,0.14,0.14,0.14
494,14820.0,14849.6,Wake,0.58,0.58,0.14,0.14,0.14
495,14850.0,14879.6,Wake,0.58,0.58,0.14,0.14,0.14
496,14880.0,14909.6,Wake,0.65,0.1167,0.1167,0.65,0.1167
497,14910.0,14939.6,Wake,0.58,0.58,0.14,0.14,0.14
498,14940.0,14969.6,Wake,0.58,0.58,0.14,0.14,0.14
499,14970.0,14999.6,Wake,0.58,0.58,0.14,0.14,0.14
500,15000.0,15029.6,Wake,0.58,0.58,0.14,0.14,0.14
501,15030.0,15059.6,Wake,0.65,0.1167,0.1167,0.65,0.1167
502,15060.0,15089.6,Wake,0.58,0.58,0.14,0.14,0.14
503,15090.0,15119.6,Wake,0.58,0.58,0.14,0.14,0.14
504,15120.0,15149.6,Wake,0.65,0.1167,0.1167,0.65,0.1167
505,15150.0,15179.6,Wake,0.58,0.58,0.14,0.14,0.14
506,15180.0,15209.6,Wake,0.58,0.58,0.14,0.14,0.14
507,15210.0,15239.6,Wake,0.58,0.58,0.14,0.14,0.14
508,15240.0,15269.6,Wake,0.58,0.58,0.14,0.14,0.14
509,15270.0,15299.6,Wake,0.58,0.58,0.14,0.14,0.14
510,15300.0,15329.6,Wake,0.58,0.58,0.14,0.14,0.14
511,15330.0,15359.6,Wake,0.58,0.58,0.14,0.14,0.14
512,15360.0,15389.6,Wake,0.58,0.58,0.14,0.14,0.14
513,15390.0,15419.6,Wake,0.58,0.58,0.14,0.14,0.14
514,15420.0,15449.6,Wake,0.58,0.58,0.14,0.14,0.14
515,15450.0,15479.6,Wake,0.58,0.58,0.14,0.14,0.14
516,15480.0,15509.6,Wake,0.58,0.58,0.14,0.14,0.14
517,15510.0,15539.6,Wake,0.58,0.58,0.14,0.14,0.14
518,15540.0,15569.6,Wake,0.58,0.58,0.14,0.14,0.14
519,15570.0,15599.6,Wake,0.58,0.58,0.14,0.14,0.14
520,15600.0,15629.6,Wake,0.58,0.58,0.14,0.14,0.14
521,15630.0,15659.6,Wake,0.58,0.58,0.14,0.14,0.14
522,15660.0,15689.6,Wake,0.58,0.58,0.14,0.14,0.14
523,15690.0,15719.6,Wake,0.58,0.58,0.14,0.14,0.14
524,15720.0,15749.6,Wake,0.58,0.58,0.14,0.14,0.14
525,15750.0,15779.6,Wake,0.58,0.58,0.14,0.14,0.14
526,15780.0,15809.6,Wake,0.58,0.58,0.14,0.14,0.14
527,15810.0,15839.6,Wake,0.65,0.1167,0.1167,0.65,0.1167
528,15840.0,15869.6,Wake,0.58,0.58,0.14,0.14,0.14
529,15870.0,15899.6,Wake,0.65,0.1167,0.1167,0.65,0.1167
530,15900.0,15929.6,Wake,0.58,0.58,0.14,0.14,0.14
531,15930.0,15959.6,Wake,0.58,0.58,0.14,0.14,0.14
532,15960.0,15989.6,Wake,0.58,0.58,0.14,0.14,0.14
533,15990.0,16019.6,Wake,0.58,0.58,0.14,0.14,0.14
534,16020.0,16049.6,Wake,0.65,0.1167,0.1167,0.65,0.1167
535,16050.0,16079.6,Wake,0.58,0.58,0.14,0.14,0.14
536,16080.0,16109.6,Wake,0.58,0.58,0.14,0.14,0.14
537,16110.0,16139.6,Wake,0.58,0.58,0.14,0.14,0.14
538,16140.0,16169.6,Wake,0.58,0.58,0.14,0.14,0.14
539,16170.0,16199.6,Wake,0.58,0.58,0.14,0.14,0.14
540,16200.0,16229.6,Wake,0.58,0.58,0.14,0.14,0.14
541,16230.0,16259.6,Wake,0.58,0.58,0.14,0.14,0.14
542,16260.0,16289.6,Wake,0.58,0.58,0.14,0.14,0.14
543,16290.0,16319.6,Wake,0.58,0.58,0.14,0.14,0.14
544,16320.0,16349.6,Wake,0.58,0.58,0.14,0.14,0.14
545,16350.0,16379.6,Wake,0.58,0.58,0.14,0.14,0.14
546,16380.0,16409.6,Wake,0.58,0.58,0.14,0.14,0.14
547,16410.0,16439.6,Wake,0.58,0.58,0.14,0.14,0.14
548,16440.0,16469.6,Wake,0.58,0.58,0.14,0.14,0.14
549,16470.0,16499.6,Wake,0.58,0.58,0.14,0.14,0.14
550,16500.0,16529.6,Wake,0.58,0.58,0.14,0.14,0.14
551,16530.0,16559.6,Wake,0.58,0.58,0.14,0.14,0.14
552,16560.0,16589.6,Wake,0.58,0.58,0.14,0.14,0.14
553,16590.0,16619.6,Wake,0.58,0.58,0.14,0.14,0.14
554,16620.0,16649.6,Wake,0.58,0.58,0.14,0.14,0.14
555,16650.0,16679.6,Wake,0.58,0.58,0.14,0.14,0.14
556,16680.0,16709.6,Wake,0.58,0.58,0.14,0.14,0.14
557,16710.0,16739.6,Wake,0.58,0.58,0.14,0.14,0.14
558,16740.0,16769.6,Wake,0.58,0.58,0.14,0.14,0.14
559,16770.0,16799.6,Wake,0.58,0.58,0.14,0.14,0.14
560,16800.0,16829.6,Wake,0.58,0.58,0.14,0.14,0.14
561,16830.0,16859.6,Wake,0.58,0.58,0.14,0.14,0.14
562,16860.0,16889.6,Wake,0.58,0.58,0.14,0.14,0.14
563,16890.0,16919.6,Wake,0.58,0.58,0.14,0.14,0.14
