epoch_index,timestamp_start,timestamp_end,event_type,RR_mean,RR_std,amplitude,motion_score_mean,HR_mean
0,0.0,29.6,Motion,0.6505,0.3517,1.2868,0.5126,72.01
1,15.2,44.8,Motion,0.6705,0.3524,1.2868,0.5178,72.03
2,30.4,60.0,Motion,0.693,0.336,1.2457,0.5202,71.73
3,45.6,75.2,Motion,0.7141,0.345,1.4538,0.5289,71.45
4,60.8,90.4,Motion,0.6992,0.3589,1.445,0.5347,71.6
5,76.0,105.6,Motion,0.6877,0.3466,1.4202,0.5348,71.51
6,91.2,120.8,Motion,0.6787,0.3467,1.2774,0.5441,71.26
7,106.4,136.0,Motion,0.6845,0.3431,1.2658,0.5386,71.26
8,121.6,151.2,Motion,0.6872,0.3262,1.1631,0.5304,71.27
9,136.8,166.4,Motion,0.6668,0.3486,1.3153,0.5262,71.02
10,152.0,181.6,Motion,0.6496,0.3607,1.3153,0.5165,70.92
11,167.2,196.8,Motion,0.6691,0.3512,1.3349,0.5153,70.97
12,182.4,212.0,Motion,0.6801,0.3545,1.3547,0.5178,70.95
13,197.6,227.2,Motion,0.6588,0.3631,1.3447,0.5275,70.7
14,212.8,242.4,Motion,0.6596,0.3511,1.2204,0.5255,70.46
15,228.0,257.6,Motion,0.6684,0.341,1.2815,0.5209,70.31
16,243.2,272.8,Motion,0.6932,0.3374,1.3102,0.5362,70.18
17,258.4,288.0,Motion,0.7087,0.3302,1.3956,0.5386,70.07
18,273.6,303.2,Motion,0.72,0.3507,1.4156,0.5344,70.04
19,288.8,318.4,Motion,0.6883,0.3574,1.3502,0.5277,70.05
20,304.0,333.6,Motion,0.6798,0.3377,1.2765,0.5048,69.84
21,319.2,348.8,Motion,0.6894,0.3584,1.4561,0.5176,69.65
22,334.4,364.0,Motion,0.6597,0.3454,1.4963,0.5326,69.61
23,349.6,379.2,Motion,0.6761,0.3296,1.3299,0.522,69.46
24,364.8,394.4,Motion,0.6848,0.3733,1.349,0.5201,69.54
25,380.0,409.6,Motion,0.6724,0.3623,1.304,0.5317,69.52
26,395.2,424.8,Motion,0.6932,0.3472,1.3036,0.5166,69.33
27,410.4,440.0,Motion,0.6856,0.3468,1.2384,0.4984,69.01
28,425.6,455.2,Motion,0.6639,0.3332,1.1323,0.5095,68.95
29,440.8,470.4,Motion,0.6584,0.3343,1.1747,0.5029,68.97
30,456.0,485.6,Motion,0.6604,0.3544,1.3017,0.4975,68.79
31,471.2,500.8,Motion,0.6778,0.3629,1.3527,0.5121,68.74
32,486.4,516.0,Motion,0.6526,0.3564,1.3652,0.5028,68.58
33,501.6,531.2,Motion,0.6652,0.3682,1.2854,0.4951,68.4
34,516.8,546.4,Motion,0.678,0.3496,1.2861,0.5164,68.39
35,532.0,561.6,Motion,0.6906,0.3456,1.4966,0.5094,68.37
36,547.2,576.8,Motion,0.6888,0.3618,1.4975,0.514,68.14
37,562.4,592.0,Motion,0.6898,0.3347,1.3168,0.4886,68.19
38,577.6,607.2,Motion,0.6799,0.3472,1.2737,0.5053,68.13
39,592.8,622.4,Motion,0.6937,0.3619,1.2837,0.5024,67.87
40,608.0,637.6,Motion,0.6686,0.3522,1.1945,0.4749,67.86
41,623.2,652.8,Motion,0.6749,0.3405,1.1846,0.4962,67.73
42,638.4,668.0,Motion,0.6841,0.3291,1.2016,0.4874,67.57
43,653.6,683.2,Motion,0.6739,0.3291,1.244,0.4951,67.51
44,668.8,698.4,Motion,0.7272,0.3538,1.3398,0.5013,67.39
45,684.0,713.6,Motion,0.7441,0.3625,1.339,0.5061,67.11
46,699.2,728.8,Motion,0.6969,0.3479,1.2988,0.5097,67.08
47,714.4,744.0,Motion,0.6849,0.3388,1.3687,0.5013,67.21
48,729.6,759.2,Motion,0.69,0.3501,1.3687,0.4852,67.12
49,744.8,774.4,Motion,0.6932,0.3474,1.2396,0.4735,66.85
50,760.0,789.6,Motion,0.6911,0.3549,1.2669,0.4872,66.78
51,775.2,804.8,Motion,0.6737,0.343,1.2727,0.4872,66.59
52,790.4,820.0,Motion,0.658,0.3406,1.2834,0.4747,66.44
53,805.6,835.2,Motion,0.673,0.3598,1.3197,0.4691,66.49
54,820.8,850.4,Motion,0.6775,0.3633,1.3191,0.4743,66.32
55,836.0,865.6,Motion,0.6876,0.3588,1.3147,0.4859,66.19
56,851.2,880.8,Motion,0.6868,0.3486,1.3053,0.4723,66.4
57,866.4,896.0,Motion,0.6587,0.3365,1.2208,0.4596,66.29
58,881.6,911.2,Motion,0.6718,0.363,1.2558,0.4574,64.72
59,896.8,926.4,Motion,0.6898,0.3688,1.3865,0.4579,63.19
60,912.0,941.6,Motion,0.7019,0.3419,1.3865,0.4628,62.95
61,927.2,956.8,Motion,0.6923,0.3454,1.2741,0.464,62.88
62,942.4,972.0,Motion,0.6741,0.3746,1.426,0.4701,62.75
63,957.6,987.2,Motion,0.6831,0.3649,1.426,0.4686,62.94
64,972.8,1002.4,Motion,0.6578,0.3357,1.1511,0.4755,62.86
65,988.0,1017.6,Motion,0.676,0.3393,1.4108,0.4774,62.57
66,1003.2,1032.8,Motion,0.6921,0.3309,1.4148,0.4668,62.61
67,1018.4,1048.0,Motion,0.6774,0.3167,1.1483,0.4607,62.78
68,1033.6,1063.2,Motion,0.6926,0.3473,1.3436,0.4543,62.66
69,1048.8,1078.4,Motion,0.675,0.3808,1.3606,0.4624,62.69
70,1064.0,1093.6,Motion,0.6642,0.3786,1.3606,0.466,62.72
71,1079.2,1108.8,Motion,0.6841,0.3729,1.3628,0.4522,62.6
72,1094.4,1124.0,Motion,0.6994,0.353,1.3599,0.4568,62.66
73,1109.6,1139.2,Motion,0.6894,0.3414,1.3486,0.4558,62.75
74,1124.8,1154.4,Motion,0.6803,0.3562,1.3767,0.4627,62.55
75,1140.0,1169.6,Motion,0.6888,0.3486,1.2749,0.4689,62.39
76,1155.2,1184.8,Motion,0.7059,0.3483,1.316,0.4539,62.66
77,1170.4,1200.0,Motion,0.7103,0.3592,1.4437,0.4462,62.87
78,1185.6,1215.2,Motion,0.6795,0.3344,1.4909,0.4593,62.67
79,1200.8,1230.4,Motion,0.6393,0.3341,1.3098,0.469,62.46
80,1216.0,1245.6,Motion,0.6335,0.349,1.3084,0.4652,62.52
81,1231.2,1260.8,Motion,0.6633,0.3509,1.3334,0.4517,62.47
82,1246.4,1276.0,Motion,0.6978,0.3396,1.3667,0.45,62.25
83,1261.6,1291.2,Motion,0.6869,0.3508,1.3916,0.4625,62.34
84,1276.8,1306.4,Motion,0.6434,0.3621,1.3916,0.4629,62.55
85,1292.0,1321.6,Motion,0.6384,0.3428,1.2757,0.4464,62.52
86,1307.2,1336.8,Motion,0.6593,0.3539,1.3334,0.4385,62.33
87,1322.4,1352.0,Motion,0.6659,0.3544,1.3334,0.4527,62.29
88,1337.6,1367.2,Motion,0.6636,0.3513,1.3772,0.4619,62.37
89,1352.8,1382.4,Motion,0.6658,0.3616,1.4275,0.4596,62.32
90,1368.0,1397.6,Motion,0.6627,0.3636,1.3563,0.4686,61.98
91,1383.2,1412.8,Motion,0.6626,0.3429,1.2049,0.4847,62.06
92,1398.4,1428.0,Motion,0.6642,0.3577,1.3868,0.4597,62.15
93,1413.6,1443.2,Motion,0.6803,0.3521,1.3868,0.453,61.97
94,1428.8,1458.4,Motion,0.6953,0.3436,1.256,0.4573,62.07
95,1444.0,1473.6,Motion,0.6691,0.3431,1.399,0.4498,62.16
96,1459.2,1488.8,Motion,0.6696,0.3356,1.3852,0.4555,62.14
97,1474.4,1504.0,Motion,0.6814,0.3389,1.229,0.4502,62.03
98,1489.6,1519.2,Motion,0.6695,0.3739,1.3064,0.4479,61.9
99,1504.8,1534.4,Motion,0.668,0.3584,1.3103,0.4491,61.83
100,1520.0,1549.6,Motion,0.6658,0.3291,1.2199,0.4478,61.8
101,1535.2,1564.8,Motion,0.6633,0.3429,1.3207,0.4503,61.8
102,1550.4,1580.0,Motion,0.6564,0.3449,1.3359,0.4526,61.63
103,1565.6,1595.2,Motion,0.6478,0.3382,1.2046,0.4475,61.45
104,1580.8,1610.4,Motion,0.6541,0.3474,1.231,0.456,61.49
105,1596.0,1625.6,Motion,0.6631,0.3388,1.2071,0.4382,61.6
106,1611.2,1640.8,Motion,0.6508,0.3297,1.2895,0.4342,61.73
107,1626.4,1656.0,Motion,0.6729,0.3511,1.3442,0.4325,61.63
108,1641.6,1671.2,Motion,0.6628,0.345,1.3442,0.4363,61.37
109,1656.8,1686.4,Motion,0.6797,0.342,1.227,0.4443,61.23
110,1672.0,1701.6,Motion,0.669,0.347,1.2773,0.4232,61.27
111,1687.2,1716.8,Motion,0.667,0.3452,1.2841,0.4295,61.28
112,1702.4,1732.0,Motion,0.6844,0.3369,1.2256,0.444,61.15
113,1717.6,1747.2,Motion,0.6672,0.3406,1.2197,0.445,61.1
114,1732.8,1762.4,Motion,0.691,0.3646,1.3495,0.4413,61.28
115,1748.0,1777.6,Motion,0.6694,0.3713,1.3824,0.4524,61.13
116,1763.2,1792.8,Motion,0.6674,0.3564,1.3366,0.4366,60.95
117,1778.4,1808.0,Motion,0.6693,0.3439,1.317,0.4474,60.97
118,1793.6,1823.2,Motion,0.6636,0.3453,1.3023,0.4518,61.06
119,1808.8,1838.4,Motion,0.6498,0.3472,1.3101,0.4265,61.01
120,1824.0,1853.6,Motion,0.6688,0.3408,1.2762,0.4365,60.79
121,1839.2,1868.8,Motion,0.6975,0.3389,1.2796,0.4257,60.85
122,1854.4,1884.0,Motion,0.6788,0.3595,1.353,0.4155,60.73
123,1869.6,1899.2,Motion,0.665,0.3501,1.335,0.4233,60.62
124,1884.8,1914.4,Motion,0.6613,0.3481,1.2434,0.4236,60.61
125,1900.0,1929.6,Motion,0.6817,0.3507,1.2404,0.4264,60.53
126,1915.2,1944.8,Motion,0.6768,0.3472,1.2622,0.4383,60.61
127,1930.4,1960.0,Motion,0.6903,0.3694,1.3112,0.4346,60.53
128,1945.6,1975.2,Motion,0.7204,0.3616,1.2931,0.4187,60.51
129,1960.8,1990.4,Motion,0.6965,0.3649,1.3348,0.4156,60.49
130,1976.0,2005.6,Motion,0.6672,0.3856,1.4838,0.4179,60.38
131,1991.2,2020.8,Motion,0.684,0.3648,1.4838,0.4269,60.28
132,2006.4,2036.0,Motion,0.6987,0.3532,1.2901,0.4169,60.3
133,2021.6,2051.2,Motion,0.7038,0.3331,1.2756,0.4277,60.36
134,2036.8,2066.4,Motion,0.6884,0.3279,1.2547,0.4282,60.27
135,2052.0,2081.6,Motion,0.6642,0.3508,1.2936,0.4371,60.16
136,2067.2,2096.8,Motion,0.6769,0.3552,1.4719,0.4391,59.94
137,2082.4,2112.0,Motion,0.6745,0.3678,1.4713,0.4247,59.82
138,2097.6,2127.2,Motion,0.6883,0.3563,1.2992,0.4109,60.05
139,2112.8,2142.4,Motion,0.6723,0.3429,1.3398,0.406,60.05
140,2128.0,2157.6,Motion,0.6693,0.3393,1.3061,0.4163,59.99
141,2143.2,2172.8,Motion,0.6889,0.3473,1.2358,0.4186,60.05
142,2158.4,2188.0,Motion,0.7131,0.3491,1.2358,0.4326,59.88
143,2173.6,2203.2,Motion,0.7019,0.3358,1.2391,0.4213,59.85
144,2188.8,2218.4,Motion,0.666,0.343,1.2455,0.4152,60.07
145,2204.0,2233.6,Motion,0.6743,0.3611,1.3169,0.4185,60.06
146,2219.2,2248.8,Motion,0.6813,0.3689,1.3126,0.4159,59.7
147,2234.4,2264.0,Motion,0.6975,0.3652,1.3941,0.4033,59.52
148,2249.6,2279.2,Motion,0.6939,0.3605,1.4074,0.3989,59.66
149,2264.8,2294.4,Motion,0.6767,0.3284,1.3221,0.4018,59.77
150,2280.0,2309.6,Motion,0.6773,0.336,1.2228,0.412,59.7
151,2295.2,2324.8,Motion,0.6918,0.364,1.2892,0.4235,59.44
152,2310.4,2340.0,Motion,0.695,0.3432,1.2868,0.425,59.48
153,2325.6,2355.2,Motion,0.6839,0.3474,1.326,0.4092,59.6
154,2340.8,2370.4,Motion,0.6831,0.3667,1.3671,0.4001,59.69
155,2356.0,2385.6,Motion,0.6803,0.3398,1.2546,0.4038,59.69
156,2371.2,2400.8,Motion,0.6678,0.3366,1.1299,0.3976,59.54
157,2386.4,2416.0,Motion,0.6765,0.356,1.4701,0.4033,59.48
158,2401.6,2431.2,Motion,0.6749,0.3283,1.2702,0.4036,59.56
159,2416.8,2446.4,Motion,0.677,0.3453,1.4329,0.4069,59.54
160,2432.0,2461.6,Motion,0.6818,0.3585,1.4329,0.4079,59.38
161,2447.2,2476.8,Motion,0.6584,0.339,1.3753,0.4054,59.18
162,2462.4,2492.0,Motion,0.6563,0.3595,1.2672,0.3946,59.21
163,2477.6,2507.2,Motion,0.6838,0.3617,1.2708,0.4012,59.34
164,2492.8,2522.4,Motion,0.6833,0.3385,1.2506,0.399,59.22
165,2508.0,2537.6,Motion,0.6796,0.3438,1.2769,0.3933,59.17
166,2523.2,2552.8,Motion,0.7089,0.3297,1.2769,0.3963,59.26
167,2538.4,2568.0,Motion,0.7032,0.3208,1.2243,0.3934,59.22
168,2553.6,2583.2,Motion,0.678,0.3299,1.2146,0.3899,59.15
169,2568.8,2598.4,Motion,0.683,0.3399,1.231,0.3974,59.23
170,2584.0,2613.6,Motion,0.6678,0.3612,1.3321,0.4091,59.42
171,2599.2,2628.8,Motion,0.6476,0.3652,1.3424,0.4074,59.45
172,2614.4,2644.0,Motion,0.6626,0.3518,1.23,0.408,59.38
173,2629.6,2659.2,Motion,0.679,0.358,1.2865,0.4215,59.22
174,2644.8,2674.4,Motion,0.6672,0.376,1.4079,0.4202,59.1
175,2660.0,2689.6,Motion,0.6681,0.3666,1.4079,0.4051,59.2
176,2675.2,2704.8,Motion,0.6822,0.3457,1.2226,0.4028,59.21
177,2690.4,2720.0,Motion,0.6859,0.3564,1.2646,0.4007,59.21
178,2705.6,2735.2,Motion,0.6955,0.361,1.2492,0.3961,59.24
179,2720.8,2750.4,Motion,0.6868,0.3515,1.2808,0.3947,59.22
180,2736.0,2765.6,Motion,0.6855,0.3536,1.3386,0.4013,59.16
181,2751.2,2780.8,Motion,0.6969,0.3419,1.3463,0.4119,59.16
182,2766.4,2796.0,Motion,0.6952,0.3357,1.2548,0.412,59.19
183,2781.6,2811.2,Motion,0.6847,0.3442,1.2702,0.3973,59.15
184,2796.8,2826.4,Motion,0.7101,0.3406,1.3142,0.3993,59.32
185,2812.0,2841.6,Motion,0.7021,0.3491,1.3142,0.4088,59.32
186,2827.2,2856.8,Motion,0.6857,0.3643,1.2633,0.4002,59.19
187,2842.4,2872.0,Motion,0.6634,0.358,1.2921,0.3966,59.23
188,2857.6,2887.2,Motion,0.6578,0.3331,1.2234,0.4021,59.32
189,2872.8,2902.4,Motion,0.6603,0.338,1.3676,0.41,59.22
190,2888.0,2917.6,Motion,0.6741,0.3653,1.4236,0.4118,59.2
191,2903.2,2932.8,Motion,0.6778,0.3537,1.4137,0.4202,59.29
192,2918.4,2948.0,Motion,0.6654,0.3349,1.1827,0.4117,59.42
193,2933.6,2963.2,Motion,0.6636,0.3519,1.2417,0.4076,59.47
194,2948.8,2978.4,Motion,0.6492,0.3458,1.2565,0.3976,59.48
195,2964.0,2993.6,Motion,0.6766,0.3441,1.3291,0.3846,59.34
196,2979.2,3008.8,Motion,0.6933,0.3405,1.3472,0.404,59.32
197,2994.4,3024.0,Motion,0.6962,0.3483,1.4116,0.4201,59.48
198,3009.6,3039.2,Motion,0.6929,0.368,1.3972,0.4167,59.52
199,3024.8,3054.4,Normal,0.662,0.3598,1.3733,0.4005,59.49
200,3040.0,3069.6,Motion,0.6663,0.3442,1.2554,0.4137,59.43
201,3055.2,3084.8,Motion,0.6902,0.3441,1.3792,0.4284,59.47
202,3070.4,3100.0,Motion,0.6855,0.3572,1.3844,0.4232,59.62
203,3085.6,3115.2,Motion,0.682,0.3486,1.2523,0.4045,59.79
204,3100.8,3130.4,Motion,0.6711,0.3294,1.3088,0.4193,59.78
205,3116.0,3145.6,Motion,0.6653,0.3344,1.3023,0.4246,59.72
206,3131.2,3160.8,Motion,0.6731,0.3442,1.2612,0.4118,59.65
207,3146.4,3176.0,Motion,0.6843,0.3441,1.3711,0.4019,59.84
208,3161.6,3191.2,Motion,0.7009,0.3412,1.4025,0.4002,59.92
209,3176.8,3206.4,Motion,0.7,0.3531,1.3053,0.407,59.78
210,3192.0,3221.6,Motion,0.6824,0.351,1.2378,0.4124,59.85
211,3207.2,3236.8,Motion,0.6482,0.3444,1.2487,0.4078,59.88
212,3222.4,3252.0,Motion,0.6751,0.3417,1.3719,0.4111,59.87
213,3237.6,3267.2,Motion,0.6931,0.3315,1.3032,0.4122,60.02
214,3252.8,3282.4,Motion,0.6635,0.3279,1.2798,0.4104,60.04
215,3268.0,3297.6,Motion,0.6673,0.3426,1.3019,0.4263,60.02
216,3283.2,3312.8,Motion,0.6684,0.3636,1.3593,0.42,60.2
217,3298.4,3328.0,Motion,0.6948,0.3597,1.3593,0.4088,60.18
218,3313.6,3343.2,Motion,0.7091,0.3364,1.2764,0.4039,60.17
219,3328.8,3358.4,Motion,0.6745,0.3283,1.2764,0.419,60.24
220,3344.0,3373.6,Motion,0.6729,0.3375,1.2586,0.4292,60.19
221,3359.2,3388.8,Motion,0.7131,0.3724,1.3172,0.4135,60.26
222,3374.4,3404.0,Motion,0.7041,0.3686,1.4701,0.4113,60.47
223,3389.6,3419.2,Motion,0.6701,0.3464,1.4701,0.4326,60.45
224,3404.8,3434.4,Motion,0.6636,0.33,1.2773,0.4344,60.48
225,3420.0,3449.6,Motion,0.6772,0.3573,1.2773,0.4253,60.59
226,3435.2,3464.8,Motion,0.6942,0.3456,1.2552,0.4252,60.65
227,3450.4,3480.0,Motion,0.688,0.3503,1.3925,0.4379,60.58
228,3465.6,3495.2,Motion,0.7005,0.3491,1.3836,0.4335,60.56
229,3480.8,3510.4,Motion,0.6934,0.3105,1.1894,0.4273,60.72
230,3496.0,3525.6,Motion,0.6623,0.3253,1.2932,0.4387,60.8
231,3511.2,3540.8,Motion,0.6797,0.3506,1.3894,0.4415,60.78
232,3526.4,3556.0,Motion,0.7025,0.3366,1.3823,0.4301,60.92
233,3541.6,3571.2,Motion,0.668,0.3375,1.2182,0.4332,60.97
234,3556.8,3586.4,Motion,0.6932,0.3488,1.1588,0.4413,60.87
235,3572.0,3601.6,Motion,0.6858,0.351,1.272,0.4234,60.98
236,3587.2,3616.8,Motion,0.6712,0.3451,1.2977,0.4412,61.05
237,3602.4,3632.0,Motion,0.7001,0.3338,1.3299,0.4397,61.08
238,3617.6,3647.2,Motion,0.6515,0.347,1.1894,0.4455,61.08
239,3632.8,3662.4,Motion,0.6621,0.3701,1.3869,0.4431,61.03
240,3648.0,3677.6,Motion,0.6794,0.3571,1.3851,0.4384,61.09
241,3663.2,3692.8,Motion,0.6784,0.3466,1.1707,0.4411,61.11
242,3678.4,3708.0,Motion,0.7026,0.3639,1.3522,0.4328,61.25
243,3693.6,3723.2,Motion,0.6772,0.3731,1.3765,0.4444,61.35
244,3708.8,3738.4,Motion,0.6936,0.3539,1.3763,0.4292,61.5
245,3724.0,3753.6,Motion,0.6938,0.3246,1.1891,0.4519,61.69
246,3739.2,3768.8,Motion,0.6965,0.3325,1.1664,0.4528,61.62
247,3754.4,3784.0,Motion,0.6703,0.3391,1.2473,0.4412,61.69
248,3769.6,3799.2,Motion,0.6574,0.3366,1.2823,0.4333,61.67
249,3784.8,3814.4,Motion,0.6685,0.3575,1.2859,0.4416,61.57
250,3800.0,3829.6,Motion,0.6642,0.3479,1.2815,0.4495,61.68
251,3815.2,3844.8,Motion,0.6691,0.3325,1.2752,0.4564,61.72
252,3830.4,3860.0,Motion,0.6822,0.3427,1.2995,0.4375,61.8
253,3845.6,3875.2,Motion,0.6852,0.3542,1.3512,0.4246,61.77
254,3860.8,3890.4,Motion,0.6849,0.3679,1.3577,0.4401,61.77
255,3876.0,3905.6,Motion,0.6562,0.3697,1.3511,0.4622,61.8
256,3891.2,3920.8,Motion,0.6508,0.3493,1.283,0.4435,61.85
257,3906.4,3936.0,Motion,0.6709,0.3485,1.2491,0.4403,61.91
258,3921.6,3951.2,Motion,0.6894,0.3613,1.331,0.4518,61.87
259,3936.8,3966.4,Motion,0.6952,0.3523,1.3875,0.4584,61.88
260,3952.0,3981.6,Motion,0.6796,0.3564,1.3875,0.466,62.0
261,3967.2,3996.8,Motion,0.6505,0.3403,1.3393,0.4579,62.12
262,3982.4,4012.0,Motion,0.6616,0.3367,1.2828,0.4569,62.27
263,3997.6,4027.2,Motion,0.6756,0.3476,1.4202,0.4585,62.22
264,4012.8,4042.4,Motion,0.684,0.3639,1.4202,0.4603,62.03
265,4028.0,4057.6,Motion,0.7038,0.3606,1.3458,0.4629,62.23
266,4043.2,4072.8,Motion,0.6981,0.3634,1.4796,0.4695,62.35
267,4058.4,4088.0,Motion,0.6586,0.3487,1.4816,0.4654,62.29
268,4073.6,4103.2,Motion,0.6808,0.3453,1.4212,0.4415,62.23
269,4088.8,4118.4,Motion,0.6794,0.3595,1.4194,0.4525,62.26
270,4104.0,4133.6,Motion,0.6661,0.3578,1.3175,0.4557,62.57
271,4119.2,4148.8,Motion,0.6871,0.3583,1.425,0.4522,62.67
272,4134.4,4164.0,Motion,0.6944,0.3553,1.425,0.4603,62.52
273,4149.6,4179.2,Motion,0.6723,0.3472,1.3144,0.467,62.46
274,4164.8,4194.4,Motion,0.645,0.3414,1.3396,0.4628,62.51
275,4180.0,4209.6,Motion,0.6727,0.3676,1.3965,0.4553,62.55
276,4195.2,4224.8,Motion,0.6835,0.3436,1.2356,0.4493,62.54
277,4210.4,4240.0,Motion,0.7026,0.347,1.356,0.4658,62.53
278,4225.6,4255.2,Motion,0.7074,0.3438,1.356,0.4712,62.67
279,4240.8,4270.4,Motion,0.663,0.3222,1.2621,0.4649,62.75
280,4256.0,4285.6,Motion,0.6631,0.351,1.3327,0.4569,62.69
281,4271.2,4300.8,Motion,0.6892,0.3481,1.4785,0.4508,62.65
282,4286.4,4316.0,Motion,0.6822,0.35,1.4766,0.465,62.61
283,4301.6,4331.2,Motion,0.6762,0.3603,1.2685,0.5227,68.7
284,4316.8,4346.4,Motion,0.6679,0.3593,1.351,0.6119,76.99
285,4332.0,4361.6,Motion,0.67,0.353,1.348,0.6481,79.36
286,4347.2,4376.8,Motion,0.6804,0.3652,1.36,0.6602,80.03
287,4362.4,4392.0,Motion,0.6744,0.3716,1.3182,0.6568,80.65
288,4377.6,4407.2,Motion,0.6634,0.3447,1.363,0.6382,81.27
289,4392.8,4422.4,Motion,0.66,0.3375,1.3246,0.6258,81.73
290,4408.0,4437.6,Motion,0.668,0.364,1.4102,0.6351,81.89
291,4423.2,4452.8,Motion,0.6782,0.3601,1.4012,0.6094,81.95
292,4438.4,4468.0,Motion,0.6859,0.3583,1.3796,0.5818,81.94
293,4453.6,4483.2,Motion,0.685,0.3584,1.3796,0.5796,81.77
294,4468.8,4498.4,Motion,0.6657,0.3416,1.2424,0.5689,81.43
295,4484.0,4513.6,Motion,0.6723,0.3554,1.2956,0.5629,80.97
296,4499.2,4528.8,Motion,0.6616,0.3554,1.297,0.5733,80.27
297,4514.4,4544.0,Motion,0.6784,0.349,1.2158,0.5909,79.56
298,4529.6,4559.2,Motion,0.6898,0.3465,1.2955,0.5946,79.04
299,4544.8,4574.4,Motion,0.6758,0.3457,1.3626,0.5866,78.2
300,4560.0,4589.6,Motion,0.6592,0.3315,1.3476,0.6122,77.33
301,4575.2,4604.8,Motion,0.6889,0.3404,1.4492,0.6353,76.49
302,4590.4,4620.0,Motion,0.694,0.3571,1.4492,0.6483,75.62
303,4605.6,4635.2,Motion,0.6621,0.3391,1.2409,0.6394,75.16
304,4620.8,4650.4,Motion,0.6588,0.3482,1.3088,0.6138,74.91
305,4636.0,4665.6,Motion,0.6651,0.3629,1.3206,0.6063,74.6
306,4651.2,4680.8,Motion,0.6664,0.3462,1.4148,0.6037,74.14
307,4666.4,4696.0,Motion,0.6954,0.3505,1.4068,0.5931,74.01
308,4681.6,4711.2,Motion,0.6636,0.3569,1.3098,0.6151,74.13
309,4696.8,4726.4,Motion,0.6487,0.327,1.3424,0.5905,74.42
310,4712.0,4741.6,Motion,0.6473,0.3416,1.3424,0.5648,74.77
311,4727.2,4756.8,Motion,0.6666,0.3525,1.4308,0.578,75.29
312,4742.4,4772.0,Motion,0.6905,0.3379,1.4308,0.5899,75.77
313,4757.6,4787.2,Motion,0.6666,0.3338,1.2701,0.5908,76.48
314,4772.8,4802.4,Motion,0.6774,0.3327,1.2701,0.5664,75.99
315,4788.0,4817.6,Motion,0.6893,0.3322,1.1736,0.4799,67.17
316,4803.2,4832.8,Motion,0.6809,0.3351,1.2298,0.4268,59.56
317,4818.4,4848.0,Motion,0.6804,0.3283,1.2569,0.433,59.66
318,4833.6,4863.2,Motion,0.6626,0.3398,1.2531,0.4295,59.81
319,4848.8,4878.4,Motion,0.6831,0.3556,1.3952,0.418,59.84
320,4864.0,4893.6,Motion,0.7016,0.355,1.3732,0.4082,59.84
321,4879.2,4908.8,Motion,0.6821,0.3557,1.3031,0.4052,59.72
322,4894.4,4924.0,Motion,0.6747,0.39,1.4632,0.418,59.6
323,4909.6,4939.2,Motion,0.6993,0.3854,1.4632,0.405,59.78
324,4924.8,4954.4,Motion,0.6926,0.3394,1.2576,0.4173,59.87
325,4940.0,4969.6,Normal,0.6705,0.3479,1.4336,0.444,59.83
326,4955.2,4984.8,Motion,0.6803,0.3667,1.4571,0.4387,59.84
327,4970.4,5000.0,Motion,0.6774,0.3771,1.3098,0.4104,59.63
328,4985.6,5015.2,Motion,0.6642,0.3534,1.2965,0.438,59.73
329,5000.8,5030.4,Motion,0.6747,0.3418,1.2872,0.4499,59.84
330,5016.0,5045.6,Motion,0.6918,0.3362,1.2872,0.4297,59.75
331,5031.2,5060.8,Motion,0.6729,0.3299,1.243,0.4397,59.66
332,5046.4,5076.0,Motion,0.6554,0.3393,1.1828,0.4515,59.72
333,5061.6,5091.2,Motion,0.6798,0.3409,1.2314,0.4293,59.86
334,5076.8,5106.4,Motion,0.6773,0.3587,1.2871,0.413,59.97
335,5092.0,5121.6,Motion,0.6565,0.3452,1.2278,0.4236,60.05
336,5107.2,5136.8,Motion,0.668,0.3326,1.2466,0.4334,59.93
337,5122.4,5152.0,Motion,0.6995,0.3482,1.4606,0.4264,59.95
338,5137.6,5167.2,Motion,0.6751,0.3516,1.4599,0.426,59.91
339,5152.8,5182.4,Motion,0.6388,0.3299,1.156,0.4236,59.78
340,5168.0,5197.6,Motion,0.6782,0.3245,1.2739,0.4238,59.72
341,5183.2,5212.8,Motion,0.7008,0.3404,1.4165,0.4266,59.73
342,5198.4,5228.0,Motion,0.681,0.3316,1.3171,0.4409,59.93
343,5213.6,5243.2,Motion,0.6981,0.3517,1.3972,0.4292,59.96
344,5228.8,5258.4,Motion,0.7111,0.3479,1.4014,0.4037,60.08
345,5244.0,5273.6,Motion,0.6882,0.3441,1.2745,0.4101,60.07
346,5259.2,5288.8,Motion,0.6788,0.353,1.2971,0.4314,59.83
347,5274.4,5304.0,Motion,0.6811,0.3366,1.2928,0.4376,59.83
348,5289.6,5319.2,Motion,0.6589,0.3453,1.5123,0.4205,59.97
349,5304.8,5334.4,Motion,0.6488,0.3763,1.5108,0.4129,60.03
350,5320.0,5349.6,Motion,0.6459,0.3742,1.3863,0.4318,60.02
351,5335.2,5364.8,Motion,0.6558,0.3378,1.2672,0.4353,59.85
352,5350.4,5380.0,Motion,0.6586,0.312,1.2591,0.4265,59.73
353,5365.6,5395.2,Motion,0.6667,0.3142,1.2374,0.4343,59.94
354,5380.8,5410.4,Motion,0.6769,0.3274,1.2374,0.4264,59.87
355,5396.0,5425.6,Motion,0.6856,0.3517,1.2805,0.4167,59.84
356,5411.2,5440.8,Motion,0.6928,0.3629,1.4815,0.4245,59.92
357,5426.4,5456.0,Motion,0.6739,0.3567,1.4803,0.4341,59.96
358,5441.6,5471.2,Motion,0.6708,0.3387,1.3977,0.4248,59.97
359,5456.8,5486.4,Motion,0.704,0.3447,1.3535,0.4237,59.78
360,5472.0,5501.6,Motion,0.6918,0.344,1.3321,0.4364,59.88
361,5487.2,5516.8,Motion,0.6667,0.3498,1.3255,0.431,59.96
362,5502.4,5532.0,Motion,0.7117,0.3612,1.4591,0.4237,59.82
363,5517.6,5547.2,Motion,0.7049,0.3576,1.4591,0.4253,59.73
364,5532.8,5562.4,Motion,0.6526,0.3389,1.2341,0.4366,59.83
365,5548.0,5577.6,Motion,0.6403,0.3356,1.1923,0.4438,59.89
366,5563.2,5592.8,Motion,0.682,0.3582,1.4293,0.4383,59.84
367,5578.4,5608.0,Motion,0.6839,0.3766,1.4304,0.4316,59.72
368,5593.6,5623.2,Motion,0.6538,0.3453,1.2604,0.4271,59.55
369,5608.8,5638.4,Motion,0.6578,0.3605,1.4034,0.4257,59.7
370,5624.0,5653.6,Motion,0.6677,0.3477,1.3801,0.436,59.57
371,5639.2,5668.8,Motion,0.676,0.3473,1.4559,0.4396,59.63
372,5654.4,5684.0,Motion,0.6892,0.3566,1.4865,0.4287,59.6
373,5669.6,5699.2,Motion,0.6816,0.3561,1.4919,0.4304,59.48
374,5684.8,5714.4,Motion,0.6596,0.3715,1.2527,0.4335,59.7
375,5700.0,5729.6,Motion,0.6672,0.3707,1.3914,0.4303,59.69
376,5715.2,5744.8,Motion,0.6842,0.3517,1.3914,0.4246,59.65
377,5730.4,5760.0,Motion,0.672,0.332,1.2097,0.438,59.58
378,5745.6,5775.2,Motion,0.6689,0.3381,1.3408,0.4444,59.44
379,5760.8,5790.4,Motion,0.6804,0.3414,1.3408,0.4373,59.36
380,5776.0,5805.6,Motion,0.6791,0.3411,1.235,0.4258,59.31
381,5791.2,5820.8,Motion,0.6738,0.3468,1.252,0.4256,59.38
382,5806.4,5836.0,Motion,0.6901,0.3441,1.2672,0.4179,59.45
383,5821.6,5851.2,Motion,0.6984,0.3569,1.3893,0.4011,59.43
384,5836.8,5866.4,Motion,0.6944,0.3495,1.3893,0.4055,59.32
385,5852.0,5881.6,Motion,0.7027,0.3255,1.3473,0.407,59.17
386,5867.2,5896.8,Motion,0.6773,0.3374,1.1772,0.4117,59.16
387,5882.4,5912.0,Motion,0.6682,0.3458,1.3614,0.4198,59.47
388,5897.6,5927.2,Motion,0.6599,0.3402,1.3767,0.4164,59.44
389,5912.8,5942.4,Motion,0.6517,0.3503,1.3746,0.4166,59.38
390,5928.0,5957.6,Motion,0.6711,0.3634,1.4033,0.4141,59.32
391,5943.2,5972.8,Motion,0.6878,0.3561,1.3882,0.4127,58.92
392,5958.4,5988.0,Motion,0.6944,0.3469,1.3972,0.4016,59.09
393,5973.6,6003.2,Motion,0.7021,0.3471,1.3973,0.416,59.31
394,5988.8,6018.4,Motion,0.6824,0.3555,1.4214,0.4231,59.07
395,6004.0,6033.6,Motion,0.6646,0.3587,1.3351,0.4167,59.07
396,6019.2,6048.8,Motion,0.6733,0.3767,1.3884,0.4168,59.13
397,6034.4,6064.0,Motion,0.6707,0.3668,1.3677,0.418,59.05
398,6049.6,6079.2,Motion,0.6557,0.3482,1.2684,0.4185,58.92
399,6064.8,6094.4,Motion,0.6674,0.3553,1.3261,0.4008,58.87
400,6080.0,6109.6,Motion,0.6693,0.3445,1.3127,0.3983,58.84
401,6095.2,6124.8,Motion,0.6806,0.3496,1.3928,0.4142,58.92
402,6110.4,6140.0,Motion,0.6707,0.3561,1.3971,0.4075,58.88
403,6125.6,6155.2,Motion,0.6447,0.3506,1.288,0.3985,58.79
404,6140.8,6170.4,Motion,0.6346,0.3508,1.283,0.3977,58.83
405,6156.0,6185.6,Motion,0.6469,0.3608,1.2567,0.402,58.75
406,6171.2,6200.8,Motion,0.6625,0.3509,1.2507,0.4127,58.57
407,6186.4,6216.0,Motion,0.6579,0.35,1.2529,0.4226,58.62
408,6201.6,6231.2,Normal,0.6498,0.3841,1.2995,0.4197,58.79
409,6216.8,6246.4,Motion,0.6594,0.3761,1.2995,0.4086,58.81
410,6232.0,6261.6,Motion,0.6914,0.3702,1.2712,0.4012,58.56
411,6247.2,6276.8,Motion,0.7034,0.3714,1.3295,0.3881,58.49
412,6262.4,6292.0,Motion,0.689,0.3424,1.2764,0.3685,58.48
413,6277.6,6307.2,Motion,0.6824,0.3462,1.4531,0.393,58.34
414,6292.8,6322.4,Motion,0.6966,0.363,1.4531,0.4174,58.43
415,6308.0,6337.6,Motion,0.6941,0.3482,1.3408,0.4129,58.35
416,6323.2,6352.8,Motion,0.6923,0.3347,1.4297,0.4093,58.25
417,6338.4,6368.0,Motion,0.6774,0.3448,1.4767,0.4118,58.38
418,6353.6,6383.2,Motion,0.6805,0.3423,1.4708,0.4015,58.42
419,6368.8,6398.4,Motion,0.6868,0.3652,1.4708,0.3888,58.25
420,6384.0,6413.6,Motion,0.6946,0.3611,1.3188,0.3884,58.26
421,6399.2,6428.8,Motion,0.6787,0.3626,1.27,0.3984,58.26
422,6414.4,6444.0,Motion,0.6629,0.3715,1.4557,0.4148,58.07
423,6429.6,6459.2,Motion,0.6769,0.3523,1.4439,0.414,58.08
424,6444.8,6474.4,Motion,0.6633,0.3353,1.244,0.4039,58.32
425,6460.0,6489.6,Motion,0.6719,0.336,1.3148,0.3913,58.25
426,6475.2,6504.8,Motion,0.6883,0.3286,1.2765,0.3806,58.1
427,6490.4,6520.0,Motion,0.6802,0.3408,1.2846,0.4007,58.07
428,6505.6,6535.2,Motion,0.6765,0.3569,1.3749,0.4045,58.09
429,6520.8,6550.4,Motion,0.6928,0.3634,1.3714,0.3974,58.2
430,6536.0,6565.6,Motion,0.6844,0.3565,1.3577,0.4074,58.06
431,6551.2,6580.8,Motion,0.6381,0.3447,1.2705,0.3925,58.01
432,6566.4,6596.0,Motion,0.6471,0.326,1.2705,0.3862,58.01
433,6581.6,6611.2,Motion,0.659,0.3327,1.2109,0.4025,57.81
434,6596.8,6626.4,Motion,0.6549,0.3475,1.2547,0.403,57.75
435,6612.0,6641.6,Motion,0.6683,0.3447,1.2675,0.3894,57.85
436,6627.2,6656.8,Motion,0.6805,0.3403,1.265,0.3785,57.89
437,6642.4,6672.0,Motion,0.6643,0.3331,1.3082,0.3805,57.91
438,6657.6,6687.2,Motion,0.6673,0.3413,1.3514,0.3852,57.87
439,6672.8,6702.4,Motion,0.6978,0.3657,1.3407,0.3841,57.77
440,6688.0,6717.6,Motion,0.6693,0.37,1.288,0.4037,57.69
441,6703.2,6732.8,Motion,0.657,0.3332,1.2368,0.4072,57.59
442,6718.4,6748.0,Motion,0.6849,0.3121,1.1728,0.3896,57.58
443,6733.6,6763.2,Motion,0.6822,0.3316,1.4047,0.3847,57.75
444,6748.8,6778.4,Motion,0.6848,0.3418,1.4047,0.3798,57.7
445,6764.0,6793.6,Normal,0.6841,0.3421,1.3953,0.3863,57.5
446,6779.2,6808.8,Normal,0.6751,0.3515,1.3265,0.3966,57.56
447,6794.4,6824.0,Normal,0.6743,0.3495,1.336,0.3872,57.63
448,6809.6,6839.2,Normal,0.688,0.3343,1.3576,0.3889,57.63
449,6824.8,6854.4,Normal,0.6946,0.3474,1.4169,0.3934,57.56
450,6840.0,6869.6,Normal,0.6864,0.3643,1.4169,0.3824,57.5
451,6855.2,6884.8,Normal,0.6828,0.3587,1.2803,0.379,57.29
452,6870.4,6900.0,Motion,0.699,0.3697,1.2919,0.3881,57.39
453,6885.6,6915.2,Motion,0.7145,0.3636,1.2955,0.3879,57.46
454,6900.8,6930.4,Motion,0.6795,0.3574,1.285,0.39,57.27
455,6916.0,6945.6,Motion,0.673,0.3656,1.3108,0.3876,57.3
456,6931.2,6960.8,Motion,0.6779,0.3441,1.2437,0.389,57.26
457,6946.4,6976.0,Motion,0.6844,0.3405,1.3984,0.3813,57.31
458,6961.6,6991.2,Motion,0.7088,0.3631,1.3984,0.3859,57.35
459,6976.8,7006.4,Motion,0.6924,0.3406,1.3446,0.3852,57.32
460,6992.0,7021.6,Motion,0.6904,0.3303,1.1489,0.3759,57.18
461,7007.2,7036.8,Motion,0.6859,0.3374,1.2215,0.3756,57.14
462,7022.4,7052.0,Motion,0.6911,0.345,1.3989,0.3757,57.26
463,7037.6,7067.2,Motion,0.6815,0.3598,1.3951,0.3751,57.36
464,7052.8,7082.4,Motion,0.6843,0.3639,1.3364,0.3824,57.21
465,7068.0,7097.6,Motion,0.6711,0.3587,1.3033,0.375,57.12
466,7083.2,7112.8,Motion,0.6866,0.3343,1.2975,0.3662,57.32
467,7098.4,7128.0,Motion,0.6686,0.3451,1.3159,0.3819,57.28
468,7113.6,7143.2,Motion,0.6737,0.3359,1.3579,0.3761,57.07
469,7128.8,7158.4,Motion,0.6637,0.3345,1.5324,0.3823,57.13
470,7144.0,7173.6,Motion,0.6922,0.3497,1.5286,0.3883,57.15
471,7159.2,7188.8,Motion,0.6657,0.3489,1.3355,0.3831,57.14
472,7174.4,7204.0,Motion,0.6738,0.3472,1.3594,0.3614,57.29
473,7189.6,7219.2,Motion,0.6713,0.3764,1.3785,0.3768,57.2
474,7204.8,7234.4,Motion,0.6918,0.3733,1.3785,0.3767,57.04
475,7220.0,7249.6,Motion,0.6843,0.3533,1.3611,0.3762,57.03
476,7235.2,7264.8,Motion,0.6707,0.348,1.3545,0.3815,56.92
477,7250.4,7280.0,Motion,0.6687,0.3409,1.2444,0.383,57.06
478,7265.6,7295.2,Motion,0.6767,0.3474,1.2335,0.385,57.17
479,7280.8,7310.4,Motion,0.6946,0.3683,1.3469,0.3734,57.15
480,7296.0,7325.6,Motion,0.7049,0.3679,1.3336,0.3678,57.17
481,7311.2,7340.8,Motion,0.6971,0.3525,1.3512,0.3562,57.17
482,7326.4,7356.0,Motion,0.6955,0.3502,1.3018,0.3788,57.22
483,7341.6,7371.2,Motion,0.6945,0.3518,1.2752,0.3872,57.07
484,7356.8,7386.4,Motion,0.6687,0.3701,1.3035,0.3894,56.92
485,7372.0,7401.6,Motion,0.7082,0.3655,1.4698,0.3731,56.96
486,7387.2,7416.8,Motion,0.6738,0.3491,1.3108,0.3803,56.93
487,7402.4,7432.0,Motion,0.688,0.3531,1.3707,0.376,57.09
488,7417.6,7447.2,Normal,0.6658,0.3565,1.3279,0.3778,57.27
489,7432.8,7462.4,Motion,0.6654,0.3388,1.1694,0.3852,57.33
490,7448.0,7477.6,Motion,0.6581,0.3499,1.4114,0.3902,57.33
491,7463.2,7492.8,Motion,0.6707,0.3602,1.4114,0.3803,57.11
492,7478.4,7508.0,Motion,0.6659,0.3535,1.2823,0.3747,57.06
493,7493.6,7523.2,Motion,0.6811,0.3562,1.2836,0.3831,57.28
494,7508.8,7538.4,Motion,0.6751,0.3621,1.2885,0.3934,57.47
495,7524.0,7553.6,Motion,0.6938,0.349,1.2578,0.3882,57.36
496,7539.2,7568.8,Motion,0.6835,0.3471,1.2703,0.3794,57.25
497,7554.4,7584.0,Motion,0.6812,0.3485,1.393,0.376,57.21
498,7569.6,7599.2,Motion,0.668,0.3448,1.3527,0.3801,57.04
499,7584.8,7614.4,Motion,0.6835,0.3662,1.3997,0.3742,57.16
500,7600.0,7629.6,Motion,0.6963,0.3688,1.4291,0.3815,57.27
501,7615.2,7644.8,Motion,0.6867,0.3506,1.3944,0.3743,57.25
502,7630.4,7660.0,Motion,0.6708,0.3534,1.2325,0.3801,57.25
503,7645.6,7675.2,Motion,0.7136,0.3572,1.2626,0.3818,57.18
504,7660.8,7690.4,Motion,0.7131,0.3577,1.3076,0.375,57.31
505,7676.0,7705.6,Motion,0.7268,0.3562,1.3841,0.3705,57.4
506,7691.2,7720.8,Motion,0.7046,0.3607,1.391,0.3903,57.4
507,7706.4,7736.0,Motion,0.6711,0.3686,1.2997,0.3995,57.45
508,7721.6,7751.2,Motion,0.6608,0.3776,1.305,0.3975,57.28
509,7736.8,7766.4,Motion,0.6689,0.3491,1.2918,0.3768,57.12
510,7752.0,7781.6,Normal,0.6727,0.3359,1.245,0.3656,57.41
511,7767.2,7796.8,Normal,0.6672,0.354,1.3491,0.3723,57.59
512,7782.4,7812.0,Motion,0.6846,0.3501,1.3481,0.3782,57.45
513,7797.6,7827.2,Motion,0.6764,0.3259,1.306,0.3757,57.42
514,7812.8,7842.4,Motion,0.6649,0.3411,1.3492,0.3694,57.49
515,7828.0,7857.6,Motion,0.6695,0.3403,1.3636,0.3842,57.46
516,7843.2,7872.8,Motion,0.6804,0.3321,1.2059,0.3904,57.63
517,7858.4,7888.0,Motion,0.6791,0.341,1.2343,0.3867,57.75
518,7873.6,7903.2,Motion,0.6963,0.3459,1.2381,0.3819,57.6
519,7888.8,7918.4,Motion,0.697,0.3438,1.3558,0.3791,57.54
520,7904.0,7933.6,Motion,0.6812,0.3417,1.3558,0.3787,57.58
521,7919.2,7948.8,Motion,0.6857,0.3496,1.3243,0.3837,57.61
522,7934.4,7964.0,Motion,0.6671,0.36,1.2912,0.3935,57.68
523,7949.6,7979.2,Motion,0.6783,0.3603,1.3526,0.3775,57.71
524,7964.8,7994.4,Motion,0.669,0.3439,1.3711,0.3759,57.65
525,7980.0,8009.6,Motion,0.6585,0.3437,1.2782,0.3849,57.66
526,7995.2,8024.8,Motion,0.6948,0.3563,1.4294,0.3799,57.57
527,8010.4,8040.0,Motion,0.6736,0.3456,1.393,0.3859,57.63
528,8025.6,8055.2,Motion,0.6426,0.3445,1.3677,0.3978,57.75
529,8040.8,8070.4,Motion,0.672,0.3413,1.3677,0.3895,57.81
530,8056.0,8085.6,Motion,0.6662,0.3301,1.2277,0.3856,57.9
531,8071.2,8100.8,Motion,0.6544,0.3393,1.3108,0.3931,57.88
532,8086.4,8116.0,Motion,0.6798,0.3592,1.3515,0.391,57.79
533,8101.6,8131.2,Normal,0.6715,0.3646,1.3181,0.3968,57.68
534,8116.8,8146.4,Normal,0.6387,0.3453,1.2127,0.3915,57.69
535,8132.0,8161.6,Motion,0.6464,0.3555,1.2051,0.3808,57.91
536,8147.2,8176.8,Motion,0.68,0.3511,1.3278,0.3736,58.09
537,8162.4,8192.0,Motion,0.7075,0.3227,1.2591,0.3874,58.03
538,8177.6,8207.2,Motion,0.6776,0.3301,1.2665,0.3984,57.99
539,8192.8,8222.4,Motion,0.6766,0.342,1.2753,0.3997,57.93
540,8208.0,8237.6,Motion,0.6967,0.3613,1.2684,0.3983,58.11
541,8223.2,8252.8,Motion,0.684,0.3671,1.4379,0.3974,58.11
542,8238.4,8268.0,Motion,0.6577,0.3446,1.4325,0.404,58.06
543,8253.6,8283.2,Motion,0.6706,0.3401,1.328,0.3915,58.12
544,8268.8,8298.4,Motion,0.7019,0.3453,1.328,0.3835,58.04
545,8284.0,8313.6,Motion,0.6777,0.3383,1.2085,0.3939,58.17
546,8299.2,8328.8,Motion,0.6783,0.339,1.4163,0.4152,58.29
547,8314.4,8344.0,Motion,0.6909,0.3538,1.4326,0.4184,58.29
548,8329.6,8359.2,Motion,0.6851,0.3381,1.4069,0.404,58.38
549,8344.8,8374.4,Motion,0.6836,0.3469,1.3637,0.4185,58.48
550,8360.0,8389.6,Motion,0.6712,0.3712,1.4657,0.4175,58.54
551,8375.2,8404.8,Motion,0.6777,0.3666,1.4657,0.4053,58.43
552,8390.4,8420.0,Motion,0.676,0.3652,1.4632,0.404,58.42
553,8405.6,8435.2,Motion,0.6766,0.3562,1.4632,0.4015,58.45
554,8420.8,8450.4,Motion,0.677,0.3453,1.2886,0.3968,58.6
555,8436.0,8465.6,Motion,0.663,0.3575,1.2715,0.4029,58.59
556,8451.2,8480.8,Motion,0.6719,0.3581,1.3256,0.4142,58.7
557,8466.4,8496.0,Motion,0.6838,0.3455,1.3252,0.4098,58.9
558,8481.6,8511.2,Motion,0.673,0.3571,1.2848,0.4081,58.73
559,8496.8,8526.4,Motion,0.6645,0.3669,1.3154,0.427,58.68
560,8512.0,8541.6,Motion,0.6601,0.3518,1.4398,0.4288,58.78
561,8527.2,8556.8,Motion,0.6875,0.3456,1.407,0.4301,58.74
562,8542.4,8572.0,Motion,0.6843,0.3455,1.3664,0.4246,58.72
563,8557.6,8587.2,Motion,0.657,0.3418,1.2998,0.4115,58.77
564,8572.8,8602.4,Motion,0.6891,0.3678,1.446,0.4023,58.72
565,8588.0,8617.6,Motion,0.6816,0.354,1.446,0.4075,58.85
566,8603.2,8632.8,Motion,0.659,0.3357,1.3579,0.4151,58.92
567,8618.4,8648.0,Motion,0.6733,0.3541,1.392,0.4105,58.91
568,8633.6,8663.2,Motion,0.6837,0.3703,1.3876,0.4159,58.98
569,8648.8,8678.4,Motion,0.6653,0.3536,1.3308,0.4107,59.07
570,8664.0,8693.6,Motion,0.6893,0.3669,1.3249,0.4198,59.13
571,8679.2,8708.8,Motion,0.6907,0.3685,1.3001,0.4148,59.1
572,8694.4,8724.0,Motion,0.6501,0.361,1.2571,0.409,59.23
573,8709.6,8739.2,Motion,0.6579,0.3742,1.381,0.4103,59.2
574,8724.8,8754.4,Motion,0.6695,0.3574,1.381,0.4215,59.06
575,8740.0,8769.6,Motion,0.6752,0.3309,1.2659,0.4301,59.16
576,8755.2,8784.8,Motion,0.6922,0.3422,1.3249,0.4159,59.19
577,8770.4,8800.0,Motion,0.6626,0.3314,1.3249,0.4185,59.26
578,8785.6,8815.2,Motion,0.6521,0.3547,1.5413,0.4204,59.5
579,8800.8,8830.4,Motion,0.676,0.3775,1.5562,0.416,59.5
580,8816.0,8845.6,Motion,0.6699,0.3347,1.3448,0.4177,59.35
581,8831.2,8860.8,Motion,0.662,0.3318,1.3533,0.4146,59.19
582,8846.4,8876.0,Motion,0.6747,0.3535,1.3783,0.4134,59.24
583,8861.6,8891.2,Motion,0.6687,0.3452,1.2946,0.4065,59.36
584,8876.8,8906.4,Motion,0.669,0.3537,1.2533,0.4012,59.36
585,8892.0,8921.6,Motion,0.6839,0.3761,1.3301,0.4097,59.47
586,8907.2,8936.8,Motion,0.6658,0.3631,1.344,0.4188,59.61
587,8922.4,8952.0,Motion,0.6738,0.3574,1.3531,0.4168,59.54
588,8937.6,8967.2,Motion,0.667,0.3563,1.348,0.4219,59.43
589,8952.8,8982.4,Motion,0.6708,0.3201,1.1957,0.4155,59.57
590,8968.0,8997.6,Motion,0.6952,0.34,1.27,0.4267,59.71
591,8983.2,9012.8,Motion,0.695,0.3538,1.3162,0.4233,59.64
592,8998.4,9028.0,Motion,0.6552,0.3399,1.3149,0.4206,59.61
593,9013.6,9043.2,Motion,0.6448,0.3399,1.3602,0.4302,59.58
594,9028.8,9058.4,Motion,0.6946,0.3629,1.3835,0.4198,59.55
595,9044.0,9073.6,Motion,0.7136,0.3593,1.3835,0.4251,59.69
596,9059.2,9088.8,Motion,0.7095,0.3518,1.3667,0.4345,59.85
597,9074.4,9104.0,Motion,0.6895,0.3516,1.3667,0.4285,59.75
598,9089.6,9119.2,Motion,0.6764,0.3366,1.2221,0.4264,59.53
599,9104.8,9134.4,Motion,0.7005,0.3569,1.4829,0.418,59.73
600,9120.0,9149.6,Motion,0.7081,0.3561,1.4476,0.4086,59.84
601,9135.2,9164.8,Motion,0.6758,0.3397,1.2879,0.4221,59.6
602,9150.4,9180.0,Motion,0.6802,0.3317,1.3727,0.4344,59.67
603,9165.6,9195.2,Motion,0.694,0.3538,1.3806,0.4125,59.87
604,9180.8,9210.4,Motion,0.6857,0.3426,1.2884,0.4163,59.9
605,9196.0,9225.6,Motion,0.675,0.3302,1.2723,0.4291,59.88
606,9211.2,9240.8,Motion,0.6671,0.353,1.3387,0.4185,59.87
607,9226.4,9256.0,Motion,0.6684,0.3535,1.3185,0.4192,59.86
608,9241.6,9271.2,Motion,0.6805,0.3366,1.2614,0.4269,59.9
609,9256.8,9286.4,Motion,0.6648,0.3414,1.2896,0.4389,59.92
610,9272.0,9301.6,Motion,0.6652,0.3187,1.287,0.4457,59.92
611,9287.2,9316.8,Motion,0.6948,0.337,1.3006,0.4374,60.11
612,9302.4,9332.0,Motion,0.6641,0.3442,1.3006,0.4384,59.9
613,9317.6,9347.2,Motion,0.6442,0.3296,1.1668,0.4378,59.75
614,9332.8,9362.4,Motion,0.685,0.3546,1.2882,0.4348,59.94
615,9348.0,9377.6,Motion,0.6799,0.336,1.2858,0.4243,59.97
616,9363.2,9392.8,Motion,0.6679,0.3326,1.3283,0.4174,59.86
617,9378.4,9408.0,Motion,0.6926,0.3465,1.3283,0.4191,59.87
618,9393.6,9423.2,Motion,0.6947,0.3518,1.3836,0.4119,60.16
619,9408.8,9438.4,Motion,0.6635,0.3463,1.3836,0.4197,60.05
620,9424.0,9453.6,Motion,0.6573,0.3274,1.2651,0.4327,59.75
621,9439.2,9468.8,Motion,0.6829,0.3402,1.1524,0.4117,59.87
622,9454.4,9484.0,Motion,0.671,0.3321,1.2026,0.4175,59.89
623,9469.6,9499.2,Motion,0.6376,0.3529,1.2927,0.4487,59.86
624,9484.8,9514.4,Motion,0.6801,0.3705,1.3064,0.449,59.93
625,9500.0,9529.6,Motion,0.6989,0.3549,1.3085,0.43,60.11
626,9515.2,9544.8,Motion,0.6676,0.3469,1.3085,0.4327,60.08
627,9530.4,9560.0,Motion,0.6606,0.3472,1.3418,0.4307,59.97
628,9545.6,9575.2,Motion,0.6811,0.3333,1.3476,0.411,59.89
629,9560.8,9590.4,Motion,0.684,0.3358,1.2998,0.424,59.8
630,9576.0,9605.6,Motion,0.6789,0.3473,1.2932,0.4446,59.92
631,9591.2,9620.8,Motion,0.6841,0.338,1.3106,0.4331,60.01
632,9606.4,9636.0,Motion,0.6805,0.3496,1.3124,0.4213,60.01
633,9621.6,9651.2,Motion,0.7039,0.3508,1.3008,0.4351,60.0
634,9636.8,9666.4,Motion,0.6902,0.3655,1.2815,0.4515,59.89
635,9652.0,9681.6,Motion,0.6664,0.3613,1.2464,0.4488,59.87
636,9667.2,9696.8,Motion,0.6836,0.3522,1.2661,0.4213,59.79
637,9682.4,9712.0,Motion,0.6945,0.3421,1.3912,0.4133,59.87
638,9697.6,9727.2,Motion,0.6862,0.3492,1.3912,0.4235,59.85
639,9712.8,9742.4,Motion,0.6777,0.3376,1.3071,0.4266,59.84
640,9728.0,9757.6,Motion,0.6746,0.344,1.3239,0.425,59.9
641,9743.2,9772.8,Motion,0.6662,0.3554,1.3482,0.4198,59.87
642,9758.4,9788.0,Motion,0.6359,0.3435,1.189,0.4206,59.62
643,9773.6,9803.2,Motion,0.6573,0.341,1.2753,0.4282,59.61
644,9788.8,9818.4,Motion,0.702,0.3782,1.4328,0.4292,59.72
645,9804.0,9833.6,Motion,0.6872,0.3645,1.4324,0.4222,59.69
646,9819.2,9848.8,Motion,0.6495,0.3413,1.2929,0.4319,59.62
647,9834.4,9864.0,Motion,0.6661,0.3361,1.3381,0.425,59.45
648,9849.6,9879.2,Motion,0.6978,0.3442,1.3467,0.4083,59.47
649,9864.8,9894.4,Motion,0.6816,0.3395,1.3467,0.4208,59.6
650,9880.0,9909.6,Motion,0.6606,0.3446,1.4746,0.4235,59.53
651,9895.2,9924.8,Motion,0.692,0.3527,1.4537,0.4163,59.56
652,9910.4,9940.0,Motion,0.6961,0.3505,1.3028,0.4229,59.47
653,9925.6,9955.2,Motion,0.6781,0.3566,1.3047,0.436,59.52
654,9940.8,9970.4,Motion,0.671,0.3407,1.2774,0.4295,59.66
655,9956.0,9985.6,Motion,0.6951,0.3321,1.2905,0.4255,59.48
656,9971.2,10000.8,Motion,0.6987,0.3453,1.3562,0.4407,59.38
657,9986.4,10016.0,Motion,0.6888,0.3414,1.3562,0.4353,59.51
658,10001.6,10031.2,Motion,0.6683,0.3423,1.2412,0.4271,59.49
659,10016.8,10046.4,Motion,0.6541,0.3491,1.3317,0.4235,59.43
660,10032.0,10061.6,Motion,0.6688,0.3385,1.3347,0.4051,59.43
661,10047.2,10076.8,Motion,0.6754,0.3579,1.3259,0.4125,59.42
662,10062.4,10092.0,Motion,0.6748,0.36,1.3259,0.4281,59.33
663,10077.6,10107.2,Motion,0.6831,0.3606,1.2426,0.428,59.24
664,10092.8,10122.4,Motion,0.701,0.3533,1.3623,0.4171,59.28
665,10108.0,10137.6,Motion,0.6838,0.3406,1.3011,0.4204,59.26
666,10123.2,10152.8,Motion,0.684,0.3421,1.347,0.4112,59.18
667,10138.4,10168.0,Motion,0.6783,0.3581,1.3894,0.4123,59.17
668,10153.6,10183.2,Motion,0.6681,0.3505,1.3167,0.4158,59.29
669,10168.8,10198.4,Motion,0.6898,0.3414,1.2542,0.4215,59.18
670,10184.0,10213.6,Motion,0.6748,0.3452,1.2601,0.4261,60.16
671,10199.2,10228.8,Motion,0.6792,0.3502,1.3645,0.4218,61.32
672,10214.4,10244.0,Motion,0.7079,0.3508,1.3747,0.432,61.33
673,10229.6,10259.2,Motion,0.6879,0.3689,1.3747,0.4212,61.4
674,10244.8,10274.4,Motion,0.6614,0.3607,1.243,0.4143,61.48
675,10260.0,10289.6,Motion,0.6664,0.3436,1.2623,0.4336,61.39
676,10275.2,10304.8,Motion,0.6835,0.341,1.3417,0.4423,61.25
677,10290.4,10320.0,Motion,0.6658,0.335,1.3551,0.4266,61.28
678,10305.6,10335.2,Motion,0.6584,0.3466,1.3438,0.4182,61.37
679,10320.8,10350.4,Motion,0.6775,0.3526,1.3007,0.4166,61.18
680,10336.0,10365.6,Motion,0.6859,0.3365,1.2117,0.4291,61.18
681,10351.2,10380.8,Motion,0.6709,0.3494,1.2914,0.4367,61.24
682,10366.4,10396.0,Motion,0.6796,0.3536,1.4161,0.427,61.13
683,10381.6,10411.2,Motion,0.6853,0.3529,1.4135,0.4162,61.18
684,10396.8,10426.4,Motion,0.683,0.3445,1.189,0.4067,61.26
685,10412.0,10441.6,Motion,0.6648,0.3431,1.2789,0.4209,61.2
686,10427.2,10456.8,Motion,0.6619,0.3455,1.2789,0.4178,61.34
687,10442.4,10472.0,Motion,0.6924,0.3399,1.3079,0.4167,61.54
688,10457.6,10487.2,Motion,0.6829,0.3514,1.3111,0.426,61.56
689,10472.8,10502.4,Motion,0.672,0.3643,1.3002,0.4327,61.51
690,10488.0,10517.6,Motion,0.6684,0.3554,1.2817,0.4322,61.59
691,10503.2,10532.8,Motion,0.6824,0.3377,1.2851,0.4362,61.6
692,10518.4,10548.0,Motion,0.6871,0.3396,1.2589,0.4358,61.72
693,10533.6,10563.2,Motion,0.6691,0.3449,1.23,0.4268,61.97
694,10548.8,10578.4,Motion,0.674,0.363,1.2941,0.414,61.93
695,10564.0,10593.6,Motion,0.6668,0.3683,1.2973,0.4433,62.07
696,10579.2,10608.8,Motion,0.6796,0.3354,1.2355,0.4486,62.31
697,10594.4,10624.0,Motion,0.6854,0.3308,1.3092,0.4464,62.44
698,10609.6,10639.2,Motion,0.674,0.3444,1.3092,0.4554,62.48
699,10624.8,10654.4,Motion,0.6684,0.3442,1.326,0.4535,62.48
700,10640.0,10669.6,Motion,0.7015,0.3612,1.3636,0.4522,62.53
701,10655.2,10684.8,Motion,0.701,0.3655,1.3712,0.4491,62.7
702,10670.4,10700.0,Motion,0.6686,0.3431,1.3514,0.4649,63.03
703,10685.6,10715.2,Motion,0.6776,0.3367,1.3411,0.4646,63.08
704,10700.8,10730.4,Motion,0.6894,0.3544,1.2961,0.4604,63.02
705,10716.0,10745.6,Motion,0.6643,0.3432,1.2845,0.4758,63.35
706,10731.2,10760.8,Motion,0.6766,0.3449,1.3128,0.4743,63.52
707,10746.4,10776.0,Motion,0.6699,0.3456,1.3269,0.4705,63.58
708,10761.6,10791.2,Motion,0.6493,0.3482,1.2395,0.4687,63.67
709,10776.8,10806.4,Motion,0.6809,0.3736,1.3457,0.4676,63.96
710,10792.0,10821.6,Motion,0.6964,0.369,1.3457,0.4717,64.17
711,10807.2,10836.8,Motion,0.691,0.3528,1.2308,0.492,64.34
712,10822.4,10852.0,Motion,0.6972,0.3473,1.197,0.493,64.41
713,10837.6,10867.2,Motion,0.6762,0.3432,1.2765,0.4789,64.38
714,10852.8,10882.4,Motion,0.6726,0.3704,1.3788,0.4727,64.49
715,10868.0,10897.6,Motion,0.6612,0.3701,1.372,0.4962,64.63
716,10883.2,10912.8,Motion,0.6298,0.3449,1.3148,0.4932,64.89
717,10898.4,10928.0,Motion,0.6674,0.3478,1.251,0.4854,64.99
718,10913.6,10943.2,Motion,0.6823,0.364,1.3802,0.4993,65.18
719,10928.8,10958.4,Motion,0.6585,0.3635,1.3802,0.5116,65.37
720,10944.0,10973.6,Motion,0.6792,0.3599,1.3616,0.4906,65.42
721,10959.2,10988.8,Motion,0.703,0.3615,1.3616,0.4997,65.65
722,10974.4,11004.0,Motion,0.7,0.335,1.2258,0.5144,65.81
723,10989.6,11019.2,Motion,0.6585,0.3341,1.2416,0.5092,65.8
724,11004.8,11034.4,Motion,0.6668,0.3445,1.4382,0.5001,65.91
725,11020.0,11049.6,Motion,0.6642,0.3276,1.2105,0.507,65.95
726,11035.2,11064.8,Motion,0.6611,0.3328,1.3075,0.5096,66.03
727,11050.4,11080.0,Motion,0.6627,0.3499,1.3643,0.5253,66.19
728,11065.6,11095.2,Motion,0.6845,0.3478,1.3643,0.5202,66.46
729,11080.8,11110.4,Motion,0.6873,0.3339,1.2789,0.5197,66.54
730,11096.0,11125.6,Motion,0.693,0.3506,1.2415,0.5252,66.57
731,11111.2,11140.8,Motion,0.7084,0.3575,1.3051,0.5203,66.59
732,11126.4,11156.0,Motion,0.6753,0.3565,1.2661,0.5183,66.48
733,11141.6,11171.2,Motion,0.661,0.3617,1.2527,0.5136,66.61
734,11156.8,11186.4,Motion,0.6923,0.3379,1.2433,0.5201,66.67
735,11172.0,11201.6,Motion,0.6925,0.3581,1.384,0.5128,66.61
736,11187.2,11216.8,Motion,0.6856,0.3558,1.384,0.5095,66.65
737,11202.4,11232.0,Motion,0.6632,0.3341,1.2155,0.5189,66.78
738,11217.6,11247.2,Motion,0.6631,0.352,1.2881,0.5297,66.9
739,11232.8,11262.4,Motion,0.675,0.3615,1.3105,0.5194,66.66
740,11248.0,11277.6,Motion,0.6866,0.3551,1.292,0.5147,66.58
741,11263.2,11292.8,Motion,0.6791,0.3388,1.2708,0.5306,66.71
742,11278.4,11308.0,Motion,0.6619,0.3505,1.2879,0.5319,66.6
743,11293.6,11323.2,Motion,0.6606,0.3589,1.2618,0.5332,66.62
744,11308.8,11338.4,Motion,0.6543,0.3537,1.3062,0.5134,66.62
745,11324.0,11353.6,Motion,0.6762,0.3372,1.2923,0.5095,66.57
746,11339.2,11368.8,Motion,0.6795,0.3329,1.2972,0.5258,66.48
747,11354.4,11384.0,Motion,0.6606,0.3497,1.2972,0.5262,66.41
748,11369.6,11399.2,Motion,0.6843,0.3527,1.276,0.5156,66.46
749,11384.8,11414.4,Motion,0.6877,0.3466,1.2974,0.5074,66.5
750,11400.0,11429.6,Motion,0.6725,0.3379,1.2545,0.5113,66.49
751,11415.2,11444.8,Motion,0.6758,0.3356,1.2545,0.5211,66.29
752,11430.4,11460.0,Motion,0.6869,0.3404,1.2486,0.5169,66.12
753,11445.6,11475.2,Motion,0.6734,0.3422,1.2486,0.5094,65.99
754,11460.8,11490.4,Motion,0.6591,0.3441,1.2405,0.504,65.9
755,11476.0,11505.6,Motion,0.6781,0.3591,1.4422,0.5007,65.76
756,11491.2,11520.8,Motion,0.661,0.3585,1.4422,0.5009,65.7
757,11506.4,11536.0,Motion,0.6555,0.3343,1.2591,0.5038,65.56
758,11521.6,11551.2,Motion,0.6627,0.3451,1.2794,0.4999,65.51
759,11536.8,11566.4,Motion,0.6728,0.3466,1.3405,0.5099,65.46
760,11552.0,11581.6,Motion,0.6806,0.3422,1.3267,0.4985,65.32
761,11567.2,11596.8,Motion,0.6692,0.3516,1.2722,0.4887,65.23
762,11582.4,11612.0,Motion,0.6788,0.3609,1.3466,0.472,65.07
763,11597.6,11627.2,Motion,0.6728,0.3452,1.3423,0.4827,64.89
764,11612.8,11642.4,Motion,0.6602,0.3481,1.3889,0.492,64.66
765,11628.0,11657.6,Motion,0.6607,0.3568,1.3631,0.4686,64.56
766,11643.2,11672.8,Motion,0.6707,0.3584,1.2026,0.4533,64.42
767,11658.4,11688.0,Motion,0.6888,0.3625,1.2761,0.4621,64.19
768,11673.6,11703.2,Motion,0.6737,0.3591,1.4134,0.4555,64.05
769,11688.8,11718.4,Motion,0.6387,0.3428,1.3917,0.4703,63.95
770,11704.0,11733.6,Motion,0.667,0.3427,1.3,0.4802,63.85
771,11719.2,11748.8,Motion,0.6868,0.3725,1.3,0.457,63.72
772,11734.4,11764.0,Motion,0.6632,0.3625,1.295,0.4637,63.51
773,11749.6,11779.2,Motion,0.6662,0.3369,1.2588,0.4682,63.54
774,11764.8,11794.4,Motion,0.6907,0.345,1.2794,0.4558,63.35
775,11780.0,11809.6,Motion,0.6601,0.3514,1.2794,0.4527,63.04
776,11795.2,11824.8,Motion,0.6461,0.3509,1.3241,0.4572,62.92
777,11810.4,11840.0,Motion,0.687,0.3639,1.3939,0.4458,62.87
778,11825.6,11855.2,Motion,0.6921,0.36,1.3929,0.4398,62.8
779,11840.8,11870.4,Motion,0.6596,0.3623,1.2841,0.4358,62.71
780,11856.0,11885.6,Motion,0.6746,0.3669,1.2952,0.4343,62.49
781,11871.2,11900.8,Motion,0.6821,0.3485,1.2889,0.4377,62.2
782,11886.4,11916.0,Motion,0.6763,0.36,1.251,0.4371,62.07
783,11901.6,11931.2,Motion,0.7117,0.3729,1.325,0.4271,61.94
784,11916.8,11946.4,Motion,0.6737,0.3554,1.3263,0.4266,61.84
785,11932.0,11961.6,Motion,0.7011,0.3499,1.3099,0.4183,61.76
786,11947.2,11976.8,Motion,0.6938,0.3539,1.3149,0.4225,61.74
787,11962.4,11992.0,Motion,0.6651,0.3317,1.256,0.4283,61.56
788,11977.6,12007.2,Motion,0.6865,0.3458,1.2839,0.426,61.52
789,11992.8,12022.4,Motion,0.6825,0.3724,1.3001,0.4342,61.53
790,12008.0,12037.6,Motion,0.6702,0.3521,1.2845,0.4381,61.35
791,12023.2,12052.8,Motion,0.6668,0.3553,1.2902,0.4244,61.45
792,12038.4,12068.0,Motion,0.6821,0.3723,1.2902,0.4197,61.49
793,12053.6,12083.2,Motion,0.6895,0.3565,1.2708,0.411,61.18
794,12068.8,12098.4,Motion,0.7025,0.3488,1.3031,0.4096,61.18
795,12084.0,12113.6,Motion,0.7023,0.3733,1.4576,0.424,61.36
796,12099.2,12128.8,Motion,0.6713,0.3698,1.4576,0.431,61.27
797,12114.4,12144.0,Motion,0.6702,0.3352,1.2891,0.4279,61.21
798,12129.6,12159.2,Motion,0.6816,0.3413,1.2891,0.4264,61.22
799,12144.8,12174.4,Motion,0.6865,0.3471,1.2787,0.4203,61.1
800,12160.0,12189.6,Motion,0.7038,0.3558,1.3875,0.4114,61.2
801,12175.2,12204.8,Motion,0.6906,0.3529,1.4273,0.4136,61.22
802,12190.4,12220.0,Motion,0.6611,0.3347,1.1965,0.4345,61.19
803,12205.6,12235.2,Motion,0.6833,0.3638,1.3074,0.4457,61.27
804,12220.8,12250.4,Motion,0.7013,0.3705,1.3156,0.4233,61.32
805,12236.0,12265.6,Motion,0.6829,0.3355,1.2662,0.4178,61.38
806,12251.2,12280.8,Motion,0.6712,0.3488,1.3553,0.4343,61.47
807,12266.4,12296.0,Motion,0.6848,0.3629,1.3553,0.4321,61.5
808,12281.6,12311.2,Motion,0.6766,0.3279,1.2303,0.4324,61.4
809,12296.8,12326.4,Motion,0.6642,0.3416,1.2516,0.4462,61.5
810,12312.0,12341.6,Motion,0.6656,0.356,1.2606,0.4449,61.45
811,12327.2,12356.8,Motion,0.6674,0.3429,1.2361,0.4318,61.65
812,12342.4,12372.0,Motion,0.6559,0.3419,1.3145,0.4465,61.95
813,12357.6,12387.2,Motion,0.6701,0.3309,1.3241,0.4388,61.89
814,12372.8,12402.4,Motion,0.671,0.3386,1.2892,0.4319,62.15
815,12388.0,12417.6,Motion,0.6797,0.3543,1.289,0.4424,62.28
816,12403.2,12432.8,Motion,0.6878,0.3505,1.3073,0.4382,62.22
817,12418.4,12448.0,Motion,0.6735,0.355,1.3413,0.4398,62.4
818,12433.6,12463.2,Motion,0.6682,0.3606,1.3523,0.4458,62.43
819,12448.8,12478.4,Motion,0.6949,0.348,1.317,0.439,62.63
820,12464.0,12493.6,Motion,0.6953,0.3351,1.3075,0.4446,62.84
821,12479.2,12508.8,Motion,0.6675,0.3395,1.3031,0.4609,62.87
822,12494.4,12524.0,Motion,0.687,0.3376,1.1982,0.4545,63.06
823,12509.6,12539.2,Motion,0.6911,0.3525,1.3556,0.4673,63.25
824,12524.8,12554.4,Motion,0.6836,0.3546,1.3556,0.4844,63.32
825,12540.0,12569.6,Motion,0.6886,0.3308,1.4131,0.4787,63.6
826,12555.2,12584.8,Motion,0.6982,0.343,1.418,0.4681,63.8
827,12570.4,12600.0,Motion,0.685,0.3625,1.3932,0.4754,63.83
828,12585.6,12615.2,Motion,0.6674,0.3572,1.4056,0.4885,64.07
829,12600.8,12630.4,Motion,0.6808,0.3514,1.3914,0.4857,64.15
830,12616.0,12645.6,Motion,0.6865,0.3696,1.3901,0.485,64.09
831,12631.2,12660.8,Motion,0.6748,0.36,1.3377,0.495,64.43
832,12646.4,12676.0,Motion,0.6871,0.3637,1.4288,0.4953,64.8
833,12661.6,12691.2,Motion,0.6959,0.3566,1.4288,0.4902,64.73
834,12676.8,12706.4,Motion,0.6904,0.3343,1.3498,0.4927,64.93
835,12692.0,12721.6,Motion,0.6666,0.3425,1.354,0.4673,65.17
836,12707.2,12736.8,Motion,0.6645,0.3441,1.1944,0.4753,65.36
837,12722.4,12752.0,Motion,0.6747,0.3364,1.2061,0.499,65.31
838,12737.6,12767.2,Motion,0.7011,0.3378,1.275,0.5004,65.28
839,12752.8,12782.4,Motion,0.68,0.3459,1.2639,0.5159,65.56
840,12768.0,12797.6,Motion,0.6714,0.3433,1.2498,0.4985,65.75
841,12783.2,12812.8,Motion,0.6866,0.3431,1.2624,0.5048,65.75
842,12798.4,12828.0,Motion,0.684,0.3491,1.2609,0.51,65.94
843,12813.6,12843.2,Motion,0.6596,0.3299,1.2728,0.5115,66.18
844,12828.8,12858.4,Motion,0.6521,0.3259,1.2107,0.5168,66.15
845,12844.0,12873.6,Motion,0.664,0.3367,1.3038,0.5153,66.04
846,12859.2,12888.8,Motion,0.6861,0.3417,1.3376,0.5179,66.24
847,12874.4,12904.0,Motion,0.6791,0.3523,1.4257,0.5348,66.35
848,12889.6,12919.2,Motion,0.6766,0.3537,1.4257,0.5314,66.34
849,12904.8,12934.4,Motion,0.6821,0.3249,1.275,0.4995,66.52
850,12920.0,12949.6,Motion,0.6737,0.3154,1.2092,0.5213,66.64
851,12935.2,12964.8,Motion,0.6604,0.3571,1.2728,0.5339,66.65
852,12950.4,12980.0,Motion,0.6754,0.3547,1.2728,0.5118,66.74
853,12965.6,12995.2,Motion,0.6781,0.3467,1.3074,0.518,66.83
854,12980.8,13010.4,Motion,0.6865,0.3429,1.2826,0.5211,66.7
855,12996.0,13025.6,Motion,0.6682,0.3349,1.2719,0.5067,66.59
856,13011.2,13040.8,Motion,0.6766,0.3631,1.4423,0.5046,66.53
857,13026.4,13056.0,Motion,0.7011,0.3662,1.4423,0.5042,66.51
858,13041.6,13071.2,Motion,0.6827,0.3428,1.3054,0.5224,66.7
859,13056.8,13086.4,Motion,0.6818,0.3474,1.2724,0.5358,66.8
860,13072.0,13101.6,Motion,0.6845,0.3584,1.369,0.5389,66.63
861,13087.2,13116.8,Motion,0.6861,0.3526,1.369,0.5372,66.59
862,13102.4,13132.0,Motion,0.6845,0.3548,1.4535,0.5287,66.61
863,13117.6,13147.2,Motion,0.6964,0.3698,1.4535,0.5283,66.75
864,13132.8,13162.4,Motion,0.6922,0.3665,1.3648,0.5227,66.78
865,13148.0,13177.6,Motion,0.7014,0.3516,1.3521,0.517,66.56
866,13163.2,13192.8,Motion,0.6955,0.3403,1.2989,0.5203,66.47
867,13178.4,13208.0,Motion,0.6892,0.3415,1.2433,0.4962,65.44
868,13193.6,13223.2,Motion,0.7035,0.3669,1.4155,0.4601,63.63
869,13208.8,13238.4,Motion,0.7158,0.3693,1.4021,0.4601,62.77
870,13224.0,13253.6,Motion,0.6778,0.3694,1.3008,0.4635,62.82
871,13239.2,13268.8,Motion,0.6523,0.3562,1.2796,0.4471,62.84
872,13254.4,13284.0,Motion,0.6898,0.3686,1.5234,0.4423,62.69
873,13269.6,13299.2,Motion,0.6978,0.3761,1.5234,0.4554,62.81
874,13284.8,13314.4,Motion,0.6719,0.3632,1.5223,0.4479,62.82
875,13300.0,13329.6,Motion,0.6554,0.3409,1.3206,0.4557,62.59
876,13315.2,13344.8,Motion,0.6715,0.3244,1.1904,0.4578,62.47
877,13330.4,13360.0,Motion,0.6663,0.3259,1.2477,0.4523,62.52
878,13345.6,13375.2,Motion,0.6785,0.33,1.2861,0.4507,62.46
879,13360.8,13390.4,Motion,0.6814,0.3458,1.2852,0.4411,62.27
880,13376.0,13405.6,Motion,0.6615,0.3727,1.2896,0.4529,62.16
881,13391.2,13420.8,Motion,0.6613,0.3586,1.3343,0.4566,62.28
882,13406.4,13436.0,Motion,0.6574,0.3324,1.3201,0.4596,62.29
883,13421.6,13451.2,Motion,0.6551,0.3411,1.2657,0.456,62.24
884,13436.8,13466.4,Motion,0.677,0.3443,1.2657,0.449,62.08
885,13452.0,13481.6,Motion,0.6753,0.3444,1.3712,0.4452,61.94
886,13467.2,13496.8,Motion,0.6812,0.3549,1.3712,0.4407,61.84
887,13482.4,13512.0,Motion,0.6864,0.351,1.3489,0.4438,61.86
888,13497.6,13527.2,Motion,0.6679,0.3483,1.2318,0.4511,62.01
889,13512.8,13542.4,Motion,0.6733,0.3559,1.3459,0.4398,61.97
890,13528.0,13557.6,Motion,0.6522,0.3425,1.3382,0.4248,61.81
891,13543.2,13572.8,Motion,0.6497,0.3511,1.4263,0.4355,61.74
892,13558.4,13588.0,Motion,0.6908,0.3683,1.4263,0.4273,61.91
893,13573.6,13603.2,Motion,0.6688,0.3424,1.37,0.4372,61.79
894,13588.8,13618.4,Motion,0.6927,0.3321,1.3175,0.4279,61.68
895,13604.0,13633.6,Motion,0.6898,0.3446,1.3172,0.421,61.55
896,13619.2,13648.8,Motion,0.6514,0.3482,1.2818,0.4327,61.4
897,13634.4,13664.0,Motion,0.6792,0.356,1.2694,0.4183,61.36
898,13649.6,13679.2,Motion,0.682,0.3678,1.3003,0.4167,61.44
899,13664.8,13694.4,Motion,0.6615,0.3545,1.319,0.434,61.4
900,13680.0,13709.6,Motion,0.6954,0.3588,1.3839,0.4425,61.21
901,13695.2,13724.8,Motion,0.6968,0.3766,1.3783,0.4259,61.24
902,13710.4,13740.0,Motion,0.6658,0.3509,1.3333,0.4249,61.17
903,13725.6,13755.2,Motion,0.7064,0.3282,1.2258,0.4257,61.26
904,13740.8,13770.4,Motion,0.6937,0.326,1.2556,0.4187,61.24
905,13756.0,13785.6,Motion,0.6622,0.3325,1.2556,0.4006,61.04
906,13771.2,13800.8,Motion,0.6509,0.3428,1.2923,0.4139,60.97
907,13786.4,13816.0,Motion,0.664,0.3835,1.3464,0.435,61.06
908,13801.6,13831.2,Motion,0.6773,0.3679,1.3393,0.4245,61.19
909,13816.8,13846.4,Motion,0.6658,0.3422,1.3184,0.4133,61.14
910,13832.0,13861.6,Motion,0.6814,0.3513,1.3025,0.4068,60.9
911,13847.2,13876.8,Motion,0.6905,0.3405,1.2667,0.4076,60.84
912,13862.4,13892.0,Motion,0.6816,0.3262,1.345,0.4084,60.95
913,13877.6,13907.2,Motion,0.6817,0.3283,1.345,0.4182,60.9
914,13892.8,13922.4,Motion,0.6679,0.3335,1.219,0.4286,60.76
915,13908.0,13937.6,Motion,0.6699,0.3459,1.3274,0.4271,60.82
916,13923.2,13952.8,Motion,0.6721,0.3507,1.3315,0.4295,60.87
917,13938.4,13968.0,Motion,0.6849,0.3315,1.238,0.4134,60.7
918,13953.6,13983.2,Motion,0.6943,0.3499,1.4179,0.4045,60.77
919,13968.8,13998.4,Motion,0.6989,0.3578,1.4183,0.4141,60.81
920,13984.0,14013.6,Motion,0.687,0.3316,1.3077,0.4131,60.72
921,13999.2,14028.8,Motion,0.6807,0.3406,1.3526,0.4069,60.71
922,14014.4,14044.0,Motion,0.6842,0.3566,1.3686,0.4131,60.7
923,14029.6,14059.2,Motion,0.6819,0.3501,1.3405,0.4093,60.64
924,14044.8,14074.4,Normal,0.6835,0.3679,1.3841,0.4056,60.56
925,14060.0,14089.6,Motion,0.6771,0.3592,1.3841,0.4183,60.83
926,14075.2,14104.8,Motion,0.6636,0.3383,1.2072,0.4158,60.72
927,14090.4,14120.0,Motion,0.6743,0.348,1.3504,0.4089,60.53
928,14105.6,14135.2,Motion,0.682,0.3475,1.3504,0.4028,60.58
929,14120.8,14150.4,Motion,0.6522,0.3421,1.1935,0.4113,60.53
930,14136.0,14165.6,Motion,0.6564,0.3509,1.3859,0.4156,60.41
931,14151.2,14180.8,Motion,0.668,0.3628,1.3859,0.408,60.32
932,14166.4,14196.0,Motion,0.6759,0.3519,1.353,0.4193,60.55
933,14181.6,14211.2,Motion,0.6746,0.3498,1.2342,0.4196,60.66
934,14196.8,14226.4,Motion,0.6668,0.3356,1.2342,0.4007,60.48
935,14212.0,14241.6,Motion,0.6657,0.3077,1.1245,0.4078,60.38
936,14227.2,14256.8,Motion,0.6853,0.3423,1.3772,0.4175,60.56
937,14242.4,14272.0,Motion,0.6938,0.349,1.3772,0.4149,60.64
938,14257.6,14287.2,Motion,0.6648,0.3218,1.253,0.4207,60.67
939,14272.8,14302.4,Motion,0.6721,0.3473,1.3806,0.4141,60.76
940,14288.0,14317.6,Motion,0.6982,0.3675,1.4374,0.4127,60.61
941,14303.2,14332.8,Motion,0.6933,0.3573,1.4437,0.4165,60.6
942,14318.4,14348.0,Motion,0.6794,0.3506,1.3264,0.4123,60.49
943,14333.6,14363.2,Motion,0.6763,0.3574,1.3125,0.4191,60.51
944,14348.8,14378.4,Motion,0.6817,0.354,1.3116,0.4103,60.54
945,14364.0,14393.6,Motion,0.6856,0.3614,1.3097,0.4026,60.35
946,14379.2,14408.8,Motion,0.6729,0.354,1.3171,0.4086,60.52
947,14394.4,14424.0,Motion,0.6766,0.3389,1.305,0.4209,60.57
948,14409.6,14439.2,Motion,0.684,0.3536,1.4039,0.4242,60.38
949,14424.8,14454.4,Motion,0.6809,0.3561,1.4277,0.421,60.44
950,14440.0,14469.6,Motion,0.672,0.3494,1.24,0.4197,60.56
951,14455.2,14484.8,Motion,0.684,0.3447,1.293,0.4373,60.74
952,14470.4,14500.0,Motion,0.6715,0.3395,1.293,0.4444,60.69
953,14485.6,14515.2,Motion,0.6664,0.355,1.2671,0.4298,60.59
954,14500.8,14530.4,Motion,0.6931,0.3595,1.2915,0.419,60.73
955,14516.0,14545.6,Motion,0.6904,0.3478,1.4029,0.4249,60.86
956,14531.2,14560.8,Motion,0.6663,0.3545,1.4029,0.4215,60.82
957,14546.4,14576.0,Motion,0.6556,0.3515,1.2496,0.4131,60.73
958,14561.6,14591.2,Motion,0.6501,0.319,1.2724,0.4118,60.79
959,14576.8,14606.4,Motion,0.6621,0.3373,1.3067,0.4094,60.78
960,14592.0,14621.6,Motion,0.6936,0.3465,1.3044,0.4106,60.93
961,14607.2,14636.8,Motion,0.6811,0.3488,1.1915,0.4157,60.84
962,14622.4,14652.0,Motion,0.6839,0.354,1.2959,0.4163,60.85
963,14637.6,14667.2,Motion,0.703,0.3628,1.3796,0.4071,60.94
964,14652.8,14682.4,Motion,0.6991,0.3588,1.3893,0.4171,60.82
965,14668.0,14697.6,Motion,0.6714,0.3471,1.2077,0.4292,61.05
966,14683.2,14712.8,Motion,0.6771,0.343,1.3782,0.4413,61.29
967,14698.4,14728.0,Motion,0.6939,0.3446,1.3186,0.4362,61.11
968,14713.6,14743.2,Motion,0.6933,0.364,1.283,0.4205,61.19
969,14728.8,14758.4,Motion,0.6892,0.3471,1.3543,0.4268,61.4
970,14744.0,14773.6,Motion,0.6631,0.3433,1.3543,0.4342,61.38
971,14759.2,14788.8,Motion,0.6636,0.3659,1.2853,0.4256,61.12
972,14774.4,14804.0,Motion,0.6789,0.3709,1.2893,0.4224,61.26
973,14789.6,14819.2,Motion,0.679,0.3396,1.2891,0.4324,61.49
974,14804.8,14834.4,Motion,0.6646,0.3475,1.3847,0.4409,61.53
975,14820.0,14849.6,Motion,0.6772,0.3499,1.3847,0.432,61.63
976,14835.2,14864.8,Motion,0.6682,0.3092,1.1488,0.4329,61.62
977,14850.4,14880.0,Motion,0.6778,0.3385,1.3077,0.4416,61.55
978,14865.6,14895.2,Motion,0.6928,0.3463,1.3077,0.4234,61.42
979,14880.8,14910.4,Motion,0.6512,0.3242,1.1871,0.439,61.43
980,14896.0,14925.6,Motion,0.658,0.3672,1.2732,0.4441,61.63
981,14911.2,14940.8,Motion,0.6848,0.3716,1.324,0.4299,61.76
982,14926.4,14956.0,Motion,0.6804,0.3553,1.316,0.4325,61.9
983,14941.6,14971.2,Motion,0.696,0.3603,1.3481,0.4185,61.96
984,14956.8,14986.4,Motion,0.6784,0.3655,1.3866,0.4348,61.98
985,14972.0,15001.6,Motion,0.6727,0.3445,1.3866,0.435,62.13
986,14987.2,15016.8,Motion,0.6478,0.3379,1.3444,0.4355,62.17
987,15002.4,15032.0,Motion,0.6743,0.3522,1.3269,0.4394,62.08
988,15017.6,15047.2,Motion,0.6939,0.3568,1.2974,0.4431,62.04
989,15032.8,15062.4,Motion,0.6944,0.3566,1.4353,0.4384,62.13
990,15048.0,15077.6,Motion,0.6914,0.3533,1.4228,0.4536,62.27
991,15063.2,15092.8,Motion,0.6853,0.3577,1.2902,0.4548,62.4
992,15078.4,15108.0,Motion,0.6898,0.3637,1.2568,0.4398,62.55
993,15093.6,15123.2,Motion,0.7012,0.3559,1.3109,0.4386,62.49
994,15108.8,15138.4,Motion,0.6777,0.3343,1.314,0.4532,62.38
995,15124.0,15153.6,Motion,0.6791,0.3453,1.2516,0.4444,62.45
996,15139.2,15168.8,Motion,0.68,0.3673,1.27,0.4401,62.37
997,15154.4,15184.0,Motion,0.6646,0.3441,1.27,0.4455,62.3
998,15169.6,15199.2,Motion,0.6879,0.3415,1.4487,0.4438,62.54
999,15184.8,15214.4,Motion,0.6901,0.372,1.4768,0.4585,62.67
1000,15200.0,15229.6,Motion,0.6605,0.3692,1.3708,0.4651,62.64
1001,15215.2,15244.8,Motion,0.6597,0.3569,1.2004,0.4509,62.67
1002,15230.4,15260.0,Motion,0.6629,0.3532,1.2715,0.4566,62.89
1003,15245.6,15275.2,Motion,0.6736,0.3361,1.2715,0.4651,63.03
1004,15260.8,15290.4,Motion,0.695,0.3469,1.3004,0.452,62.93
1005,15276.0,15305.6,Motion,0.6853,0.3583,1.2639,0.4393,62.95
1006,15291.2,15320.8,Motion,0.6719,0.3283,1.2149,0.4522,62.88
1007,15306.4,15336.0,Motion,0.6403,0.3351,1.2525,0.4611,63.01
1008,15321.6,15351.2,Motion,0.6316,0.3262,1.2525,0.4687,63.22
1009,15336.8,15366.4,Motion,0.6817,0.3161,1.108,0.4644,63.13
1010,15352.0,15381.6,Motion,0.6976,0.3353,1.3365,0.453,63.19
1011,15367.2,15396.8,Motion,0.6822,0.3371,1.3158,0.4671,63.29
1012,15382.4,15412.0,Motion,0.6751,0.3585,1.217,0.4839,63.23
1013,15397.6,15427.2,Motion,0.6934,0.3672,1.322,0.4843,63.07
1014,15412.8,15442.4,Motion,0.6785,0.3429,1.322,0.4703,63.29
1015,15428.0,15457.6,Motion,0.6597,0.3375,1.2701,0.4405,63.29
1016,15443.2,15472.8,Motion,0.6971,0.3476,1.3003,0.4485,63.2
1017,15458.4,15488.0,Motion,0.6924,0.3625,1.2996,0.4727,63.32
1018,15473.6,15503.2,Motion,0.6656,0.3438,1.1986,0.4775,63.36
1019,15488.8,15518.4,Motion,0.6854,0.3536,1.3882,0.4761,63.4
1020,15504.0,15533.6,Motion,0.6887,0.3547,1.4112,0.4599,63.27
1021,15519.2,15548.8,Motion,0.6535,0.339,1.1489,0.4658,63.36
1022,15534.4,15564.0,Motion,0.6486,0.3611,1.274,0.4769,63.52
1023,15549.6,15579.2,Motion,0.6622,0.3501,1.274,0.4735,63.32
1024,15564.8,15594.4,Motion,0.6472,0.3155,1.1626,0.4677,63.32
1025,15580.0,15609.6,Motion,0.671,0.3482,1.4815,0.4694,63.38
1026,15595.2,15624.8,Motion,0.6907,0.3621,1.4842,0.4735,63.45
1027,15610.4,15640.0,Motion,0.6661,0.3437,1.2864,0.4831,63.45
1028,15625.6,15655.2,Motion,0.6699,0.3441,1.3451,0.4804,63.61
1029,15640.8,15670.4,Motion,0.682,0.3286,1.3451,0.484,63.5
1030,15656.0,15685.6,Motion,0.6678,0.3267,1.2584,0.4729,63.48
1031,15671.2,15700.8,Motion,0.6689,0.3322,1.3066,0.4664,63.58
1032,15686.4,15716.0,Motion,0.6782,0.3364,1.2894,0.467,63.48
1033,15701.6,15731.2,Motion,0.6777,0.3632,1.4916,0.458,63.89
1034,15716.8,15746.4,Motion,0.6894,0.3537,1.4916,0.4535,64.19
1035,15732.0,15761.6,Motion,0.6848,0.3355,1.3541,0.4615,64.27
1036,15747.2,15776.8,Motion,0.6754,0.344,1.3691,0.4799,64.55
1037,15762.4,15792.0,Motion,0.678,0.3557,1.3949,0.468,64.68
1038,15777.6,15807.2,Motion,0.679,0.3427,1.2507,0.4544,64.69
1039,15792.8,15822.4,Motion,0.6868,0.3539,1.4184,0.4576,64.72
1040,15808.0,15837.6,Motion,0.6767,0.3547,1.432,0.4625,65.04
1041,15823.2,15852.8,Motion,0.6726,0.3363,1.2888,0.4801,65.32
1042,15838.4,15868.0,Motion,0.6904,0.35,1.2729,0.4644,65.45
1043,15853.6,15883.2,Motion,0.6825,0.3404,1.2752,0.4558,65.64
1044,15868.8,15898.4,Motion,0.6853,0.3356,1.2439,0.4537,65.84
1045,15884.0,15913.6,Motion,0.6885,0.3402,1.1387,0.4523,65.94
1046,15899.2,15928.8,Motion,0.6752,0.3275,1.147,0.4638,66.09
1047,15914.4,15944.0,Motion,0.6717,0.3267,1.1499,0.4644,66.3
1048,15929.6,15959.2,Motion,0.6835,0.3407,1.3011,0.4651,66.32
1049,15944.8,15974.4,Motion,0.6776,0.3505,1.3005,0.4622,66.23
1050,15960.0,15989.6,Motion,0.6694,0.3436,1.3112,0.4597,66.28
1051,15975.2,16004.8,Motion,0.6797,0.349,1.3928,0.4707,66.48
1052,15990.4,16020.0,Motion,0.666,0.3523,1.3887,0.4706,66.74
1053,16005.6,16035.2,Motion,0.6674,0.3446,1.1823,0.487,66.87
1054,16020.8,16050.4,Motion,0.6988,0.3544,1.2834,0.4916,67.17
1055,16036.0,16065.6,Motion,0.6991,0.3527,1.2856,0.4741,67.33
1056,16051.2,16080.8,Motion,0.6806,0.3487,1.3492,0.4768,67.38
1057,16066.4,16096.0,Motion,0.676,0.3554,1.3729,0.4869,67.61
1058,16081.6,16111.2,Motion,0.6752,0.3381,1.2673,0.4957,67.88
1059,16096.8,16126.4,Motion,0.6818,0.3239,1.3427,0.4981,68.03
1060,16112.0,16141.6,Motion,0.6818,0.3467,1.4021,0.4864,68.06
1061,16127.2,16156.8,Motion,0.6793,0.3613,1.3646,0.4771,68.25
1062,16142.4,16172.0,Motion,0.6619,0.3412,1.3646,0.4991,68.37
1063,16157.6,16187.2,Motion,0.6893,0.3506,1.4686,0.4951,68.46
1064,16172.8,16202.4,Motion,0.6991,0.355,1.4491,0.4819,68.68
1065,16188.0,16217.6,Motion,0.6546,0.3439,1.1942,0.4992,68.84
1066,16203.2,16232.8,Motion,0.6499,0.3637,1.364,0.5105,69.05
1067,16218.4,16248.0,Motion,0.6875,0.3324,1.364,0.4947,69.06
1068,16233.6,16263.2,Motion,0.6651,0.3252,1.1563,0.4972,69.18
1069,16248.8,16278.4,Motion,0.6621,0.3482,1.277,0.4923,69.44
1070,16264.0,16293.6,Motion,0.6478,0.3381,1.229,0.4966,69.58
1071,16279.2,16308.8,Motion,0.6768,0.3441,1.2166,0.4958,69.7
1072,16294.4,16324.0,Motion,0.6474,0.34,1.209,0.4833,69.9
1073,16309.6,16339.2,Motion,0.6622,0.3298,1.1746,0.4852,70.18
1074,16324.8,16354.4,Motion,0.6962,0.335,1.4188,0.4904,70.32
1075,16340.0,16369.6,Motion,0.7309,0.3435,1.4188,0.502,70.39
1076,16355.2,16384.8,Motion,0.7054,0.3383,1.3727,0.521,70.51
1077,16370.4,16400.0,Motion,0.6612,0.346,1.3748,0.521,70.71
1078,16385.6,16415.2,Motion,0.6712,0.3671,1.4149,0.5144,70.72
1079,16400.8,16430.4,Motion,0.6873,0.354,1.4149,0.5159,70.75
1080,16416.0,16445.6,Motion,0.6664,0.3368,1.3059,0.5248,70.96
1081,16431.2,16460.8,Motion,0.6693,0.3508,1.4577,0.52,71.22
1082,16446.4,16476.0,Motion,0.676,0.3616,1.4385,0.5076,71.47
1083,16461.6,16491.2,Motion,0.6924,0.354,1.4091,0.5114,71.68
1084,16476.8,16506.4,Motion,0.7101,0.3445,1.424,0.5246,71.75
1085,16492.0,16521.6,Motion,0.683,0.3383,1.293,0.5277,71.66
1086,16507.2,16536.8,Motion,0.6868,0.3454,1.3099,0.5164,71.85
1087,16522.4,16552.0,Motion,0.668,0.3518,1.3099,0.5208,72.18
1088,16537.6,16567.2,Motion,0.6571,0.3298,1.1562,0.5253,72.44
1089,16552.8,16582.4,Motion,0.7017,0.3532,1.3674,0.5197,72.57
1090,16568.0,16597.6,Motion,0.6949,0.3651,1.3621,0.5142,72.51
1091,16583.2,16612.8,Motion,0.6689,0.3214,1.2314,0.521,72.63
1092,16598.4,16628.0,Motion,0.6705,0.3231,1.2516,0.5341,72.9
1093,16613.6,16643.2,Motion,0.6547,0.34,1.2374,0.5384,73.15
1094,16628.8,16658.4,Motion,0.6516,0.3446,1.2709,0.5235,73.33
1095,16644.0,16673.6,Motion,0.6645,0.3576,1.2824,0.5331,73.42
1096,16659.2,16688.8,Motion,0.6606,0.3713,1.2824,0.5538,73.52
1097,16674.4,16704.0,Motion,0.6682,0.3646,1.2624,0.5349,73.82
1098,16689.6,16719.2,Motion,0.6676,0.3533,1.2557,0.5362,73.99
1099,16704.8,16734.4,Motion,0.6719,0.3472,1.3754,0.5415,73.92
1100,16720.0,16749.6,Motion,0.6597,0.339,1.3754,0.5338,74.06
1101,16735.2,16764.8,Motion,0.6722,0.3519,1.4074,0.5428,74.31
1102,16750.4,16780.0,Motion,0.7128,0.3636,1.4121,0.5413,74.47
1103,16765.6,16795.2,Motion,0.6902,0.3583,1.3081,0.5359,74.55
1104,16780.8,16810.4,Motion,0.6658,0.3547,1.3595,0.544,74.75
1105,16796.0,16825.6,Motion,0.6674,0.3477,1.3595,0.5616,74.94
1106,16811.2,16840.8,Motion,0.6602,0.332,1.2058,0.5639,75.09
1107,16826.4,16856.0,Motion,0.6939,0.3486,1.3035,0.5464,75.17
1108,16841.6,16871.2,Motion,0.703,0.3459,1.3457,0.5373,75.28
1109,16856.8,16886.4,Motion,0.6624,0.3315,1.3475,0.5485,75.42
1110,16872.0,16901.6,Motion,0.6522,0.3306,1.2942,0.5523,75.52
1111,16887.2,16916.8,Motion,0.6627,0.361,1.2963,0.5634,75.89
1112,16902.4,16920.0,Motion,0.6523,0.3709,1.2131,0.5943,76.31
