Timestamp,Run,Rows,Avg_HR_clean,Avg_RR_clean,Avg_Range,Range_SD,HR_SD,RR_SD,HR_P2P,RR_P2P,Range_Slope,SQI,Final_Accurate_HR,HR_Class,RR_Class,Stress_Class
22-01-2026 21:24,1,31,94.89934557288123,11.962371670973718,0.7090000000068459,2.8237802661336825e-13,20.209122882031867,0.9898653987562814,61.75415589503569,3.2605330819795064,-2.2893355215559747e-14,3541352037880.763,114.71998049351615,Elevated,Low,Very High Stress
22-01-2026 21:27,2,22,56.19564827578677,11.655223420729099,0.7090000000070027,5.203667490220581e-14,3.5704682507918557,0.2881718021706209,11.992445531259797,0.8765968755044078,7.802044255813011e-16,19217215586494.18,76.0162831964217,Normal,Low,Very High Stress
22-01-2026 21:38,3,11,73.73304035595129,11.59125334574405,0.7090000000069323,1.4135846811492247e-14,4.853499865480332,0.09386376889862551,14.419143421441959,0.27695270342418077,-4.2027544778081065e-15,70742136168808.36,93.5536752765862,Elevated,Low,Very High Stress
22-01-2026 21:44,4,29,75.63021767815948,11.909537493184565,0.7090000000064776,2.957940291891149e-13,8.202942834467237,0.08945592414825276,24.446548329120567,0.37702823844341005,-3.455544018474743e-14,3380730850928.2095,95.4508525987944,Elevated,Low,Very High Stress
22-01-2026 21:55,5,15,53.59397993754876,12.573949010462814,0.70900000000614,1.2336279709318943e-13,2.1733738133527254,0.27918161123904783,6.563744725081747,0.8611960329252852,2.626310592736805e-14,8106171581409.512,73.41461485818368,Normal,Normal,Very High Stress
22-01-2026 22:14,7,33,65.80092817612217,13.656518729008118,0.7090000000066604,8.714735393657167e-14,6.970231093695775,0.1704252525879754,21.22501127840613,0.5510981246190827,-4.438268701885489e-15,11474817706201.71,85.62156309675709,Normal,Normal,Very High Stress
22-01-2026 22:19,8,28,73.73292197622467,13.458523901071208,0.7090000000068939,3.514780937025448e-13,1.6569012532227019,0.2668930191987402,4.9197211503188925,0.8484522870956202,4.186724565227249e-14,2845127528335.5156,93.55355689685959,Elevated,Normal,Very High Stress
22-01-2026 22:32,9,32,68.58000452601539,14.36166544833399,0.7090000000065819,4.3203096709618245e-13,0.7540481607410588,0.2863917483231746,3.3016285313673563,0.9892352490653007,-4.3810206592408904e-14,2314648893622.8765,88.4006394466503,Normal,Normal,Very High Stress
22-01-2026 22:34,10,16,63.13264974429042,13.147007969648705,0.7090000000064137,8.529652100707879e-14,2.5656943153325513,0.2443054926126143,7.921921273418235,0.7565757636079216,1.7085552875456075e-14,11723807585505.271,82.95328466492535,Normal,Normal,Very High Stress
22-01-2026 22:52,11,26,53.95392021015386,12.517861899268667,0.709000000006568,6.286926258721421e-14,1.71876936821657,0.25000317654844667,5.852037531304568,0.7972767279499973,7.119453005806964e-15,15906024006767.516,73.77455513078878,Normal,Normal,Very High Stress
23-01-2026 20:53,12,33,61.92760155544891,12.076926116492103,0.7090000000061768,1.8304295188200067e-13,3.7570520397689964,0.2991088287467263,12.407972906202588,0.9091694612659893,-1.8068272374324674e-14,5463198608404.512,81.74823647608383,Normal,Normal,Very High Stress
23-01-2026 20:55,13,25,78.10043870964213,12.552270588228845,0.7090000000061736,1.204389041947379e-13,7.9372524507128475,0.2789170235934582,24.716670895291955,0.876003073790109,1.633299013981134e-14,8302964948793.439,97.92107363027705,Elevated,Normal,Very High Stress
23-01-2026 20:56,14,31,100.63724931288978,10.842212389308926,0.7090000000061282,3.1004222109739204e-13,2.4629334894447794,0.5015135381506938,9.980531957647159,1.5247762380293217,-3.242290672361084e-14,3225367165995.998,120.45788423352471,High,Low,Very High Stress
23-01-2026 20:58,15,25,117.77528196097856,11.450006793382649,0.7090000000059536,3.230043685060488e-13,9.385238864041819,0.717920408611601,29.057109008558797,2.184810625972748,4.2757372196027346e-14,3095933360360.336,137.59591688161348,High,Low,Very High Stress
23-01-2026 21:03,16,32,134.64825297997226,12.638367807710368,0.7090000000039831,2.2819341640715035e-12,6.650780333170127,0.3281521431546836,23.17813257693834,1.0166367455057728,-2.3796137473900575e-13,438224737481.36816,154.46888790060717,High,Normal,Very High Stress
23-01-2026 21:06,17,35,75.97524272703662,11.578724107827922,0.7090000000105101,8.640047914527916e-12,21.048553273948563,0.21319177687383115,65.23461612549481,0.7813609377721491,8.300498780039271e-13,115740098885.16216,95.79587764767155,Elevated,Low,Very High Stress
23-01-2026 21:08,18,29,55.713212563127406,12.057800844122267,0.7089999999856091,2.735546470627988e-11,5.936854615682407,0.8966715735785664,17.610347280012185,2.6377679304692467,-3.1881900590233716e-12,36555767220.084335,75.53384748376233,Normal,Normal,Very High Stress
23-01-2026 21:30,19,27,70.0458233327134,13.915247013742812,0.709000000052768,9.029531947085811e-11,1.8940935464690487,0.3962224928180713,6.2969091407984905,1.297763662963959,1.1194303689096141e-11,11074771160.455772,89.86645825334833,Normal,Normal,Very High Stress
23-01-2026 21:35,20,19,60.85012072796868,12.252847060595299,0.7090000001204613,1.2378584158748636e-10,2.243248063209095,0.3376153925049385,6.812380497835349,1.0640779531410107,-2.0336972888573535e-11,8078468322.188885,80.6707556486036,Normal,Normal,Very High Stress
23-01-2026 22:02,21,29,61.516155413683215,10.91127368589072,0.7089999994969903,2.8624403929398635e-10,2.189055173446795,0.8447003351094287,6.3895613734779815,2.648856276893243,8.02272688664463e-12,3493522528.7711654,81.33679033431814,Normal,Low,Very High Stress
23-01-2026 22:51,22,65,78.43283456325904,11.675637957892445,0.7089999981518856,5.471217320130464e-09,9.644904342681484,2.4970481227806514,26.7835504874175,6.4511230370190304,-1.2509753894624623e-10,182774680.9326438,98.25346948389395,Elevated,Low,Very High Stress
23-01-2026 22:58,23,51,53.85350291400906,13.29615323653975,0.7089999664531731,7.179285654850895e-08,7.668897381965059,0.770259870219588,27.25398972836632,2.0981262103529783,-4.402249979219216e-09,13928962.407622278,73.67413783464399,Normal,Normal,Very High Stress
23-01-2026 23:00,24,51,71.78411429561652,12.549700601986466,0.7089999447620895,6.202143087748891e-07,3.5060763572320033,0.3625381391026645,17.03596386397362,1.6324955903560436,-2.5470340953039807e-08,1612345.9034269988,91.60474921625143,Elevated,Normal,Very High Stress
23-01-2026 23:01,25,65,67.92412644941103,12.101161628732552,0.7089978812675712,9.050498319164815e-06,17.17270905927931,1.3826993001222045,43.062673889906705,3.8234964184007048,-2.554775282451143e-07,110491.15360669782,87.74476137004595,Normal,Normal,Very High Stress
23-01-2026 23:03,26,65,51.05980133497117,11.383119876902553,0.7089553091506804,0.00014088275496024937,3.1304210662010834,0.6331894632766489,13.18734187087879,1.8297440712719109,-4.824958448086511e-06,7098.100830596009,70.8804362556061,Normal,Low,Very High Stress
23-01-2026 23:27,27,65,61.292411441854874,12.777945764432904,0.708221977668969,0.002038142422090101,4.8139716168101,1.278632521069654,13.501838123345756,3.265580393400393,-7.87502539008486e-05,490.6428467224125,81.1130463624898,Normal,Normal,Very High Stress
23-01-2026 23:30,28,51,74.02016354903469,14.635361994447837,0.7033911644117691,0.02583658459816659,5.400108726784812,0.6188759995192785,17.787789341040003,2.3137338753594303,-0.001104525899359372,38.70480620998806,93.84079846966961,Elevated,Normal,Very High Stress
23-01-2026 23:35,29,51,78.94419287954531,12.230523608644251,0.5773166089624256,0.01989508942002932,3.1541915196256665,0.3133498137995537,11.24937516521787,1.3482574044261053,0.00032727356201317525,50.26365948339257,98.76482780018023,Elevated,Normal,Very High Stress
23-01-2026 23:45,30,106,55.700767424700196,13.234360716054384,0.5653622123505211,0.07852932057933171,5.678075587309732,1.7599412530583505,20.241919090213784,4.690057387026306,-0.0012232436932586145,12.734097183354367,75.52140234533512,Normal,Normal,Very High Stress
24-01-2026 00:02,31,79,54.93003112227713,12.366619701436083,0.4465858538387775,0.05355990671909852,5.24962541700087,2.7670999268135583,14.064785883142306,8.781180469722244,-0.00011664582796811568,18.670682255751906,74.75066604291206,Normal,Normal,Very High Stress
24-01-2026 00:02,32,79,54.93003112227713,12.366619701436083,0.4465858538387775,0.05355990671909852,5.24962541700087,2.7670999268135583,14.064785883142306,8.781180469722244,-0.00011664582796811568,18.670682255751906,74.75066604291206,Normal,Normal,Very High Stress
24-01-2026 00:03,33,121,81.04772286860802,12.235971592175407,0.5465287557405216,0.1122224213656591,1.8634829309971692,2.634730942251408,5.814473976349646,7.502517309160116,-0.0005138407417161748,8.910875276355492,100.86835778924294,Elevated,Normal,Very High Stress
24-01-2026 00:03,34,121,81.04772286860802,12.235971592175407,0.5465287557405216,0.1122224213656591,1.8634829309971692,2.634730942251408,5.814473976349646,7.502517309160116,-0.0005138407417161748,8.910875276355492,100.86835778924294,Elevated,Normal,Very High Stress
24-01-2026 00:05,35,107,62.75110830166228,12.505654433123102,0.40151164701360137,0.10220147848864689,6.419046211116055,2.6048136386845946,19.54898083652526,8.235185743601239,-0.002743841923971224,9.784594262118093,82.5717432222972,Normal,Normal,Very High Stress
24-01-2026 00:05,36,107,62.75110830166228,12.505654433123102,0.40151164701360137,0.10220147848864689,6.419046211116055,2.6048136386845946,19.54898083652526,8.235185743601239,-0.002743841923971224,9.784594262118093,82.5717432222972,Normal,Normal,Very High Stress
24-01-2026 00:06,37,121,62.863636842619435,11.737944696723,0.42388783122498436,0.026528314191732818,11.167533323088007,1.4325237112105735,27.224508380034536,4.429188349146322,-0.0006749223787390825,37.69557284237972,82.68427176325436,Normal,Low,Very High Stress
24-01-2026 00:06,38,130,66.0639235227458,12.06139467925756,0.4232032890632547,0.025709947337932526,15.961704993089212,1.8238455474380988,59.57906089097108,7.167192245436841,-0.0005736304778241818,38.895451120765124,85.88455844338071,Normal,Normal,Very High Stress
24-01-2026 00:06,39,130,66.0639235227458,12.06139467925756,0.4232032890632547,0.025709947337932526,15.961704993089212,1.8238455474380988,59.57906089097108,7.167192245436841,-0.0005736304778241818,38.895451120765124,85.88455844338071,Normal,Normal,Very High Stress
24-01-2026 09:58,40,9,57.14,14.06,0.7150000000000001,0.24183051916579926,0.0,0.0,0.0,0.0,-0.08264999999999997,4.135127375359927,76.96063492063493,Normal,Normal,Relaxed
24-01-2026 09:58,41,9,57.14,14.06,0.7150000000000001,0.24183051916579926,0.0,0.0,0.0,0.0,-0.08264999999999997,4.135127375359927,76.96063492063493,Normal,Normal,Relaxed
24-01-2026 09:59,42,9,63.16,14.06,1.323888888888889,0.5506004802839249,0.0,0.0,0.0,0.0,0.18817777777777772,1.816198924280516,82.98063492063491,Normal,Normal,Relaxed
24-01-2026 09:59,43,9,63.16,14.06,1.323888888888889,0.5506004802839249,0.0,0.0,0.0,0.0,0.18817777777777772,1.816198924280516,82.98063492063491,Normal,Normal,Relaxed
24-01-2026 10:00,44,107,85.96935180676364,11.45189755988044,0.37991916126126996,0.09120790940612175,23.250183321504053,1.1805467470372768,63.43687513586658,3.3111914319155,0.002282591901167991,10.963961420794076,105.78998672739857,Elevated,Low,Very High Stress
24-01-2026 10:00,45,107,85.96935180676364,11.45189755988044,0.37991916126126996,0.09120790940612175,23.250183321504053,1.1805467470372768,63.43687513586658,3.3111914319155,0.002282591901167991,10.963961420794076,105.78998672739857,Elevated,Low,Very High Stress
24-01-2026 11:54,46,135,70.59000000058806,13.2732675278216,0.4714854764485154,0.038862030546796725,1.1536387875198174e-10,1.8616881293236303,4.041851298097754e-10,5.945904099014426,6.924361771940541e-05,25.732057381711538,90.410634921223,Elevated,Normal,Relaxed
24-01-2026 11:54,47,135,70.59000000058806,13.2732675278216,0.4714854764485154,0.038862030546796725,1.1536387875198174e-10,1.8616881293236303,4.041851298097754e-10,5.945904099014426,6.924361771940541e-05,25.732057381711538,90.410634921223,Elevated,Normal,Relaxed
24-01-2026 12:19,48,79,76.96032732613297,11.843515222373911,0.920059959477459,0.09483933371237868,10.431407317659804,0.22658343879665752,27.40223512452144,0.7300477847938662,-0.003737987988804106,10.544148306995933,96.7809622467679,Elevated,Low,Very High Stress
24-01-2026 12:19,49,79,76.96032732613297,11.843515222373911,0.920059959477459,0.09483933371237868,10.431407317659804,0.22658343879665752,27.40223512452144,0.7300477847938662,-0.003737987988804106,10.544148306995933,96.7809622467679,Elevated,Low,Very High Stress
24-01-2026 12:19,50,79,76.96032732613297,11.843515222373911,0.920059959477459,0.09483933371237868,10.431407317659804,0.22658343879665752,27.40223512452144,0.7300477847938662,-0.003737987988804106,10.544148306995933,96.7809622467679,Elevated,Low,Very High Stress
24-01-2026 12:53,51,149,66.78540921737878,13.505115363528654,0.5881161247956487,0.2125222194866286,3.549465289309877,2.34258816827076,11.717507012880894,6.362896688073249,0.0012331436829685005,4.705390346551117,86.60604413801371,Normal,Normal,Very High Stress
24-01-2026 12:53,52,149,66.78540921737878,13.505115363528654,0.5881161247956487,0.2125222194866286,3.549465289309877,2.34258816827076,11.717507012880894,6.362896688073249,0.0012331436829685005,4.705390346551117,86.60604413801371,Normal,Normal,Very High Stress
24-01-2026 13:01,53,65,58.80290437900681,11.281775856758925,0.3857804205162508,0.0634773479045098,1.2582204040806773,3.0449063052196617,3.3526693287107534,8.186831598583396,-0.002677101080999425,15.753651231685344,78.62353929964173,Normal,Low,Very High Stress
24-01-2026 13:01,54,65,58.80290437900681,11.281775856758925,0.3857804205162508,0.0634773479045098,1.2582204040806773,3.0449063052196617,3.3526693287107534,8.186831598583396,-0.002677101080999425,15.753651231685344,78.62353929964173,Normal,Low,Very High Stress
27-01-2026 18:16,55,135,109.09000000118778,13.231831242580096,0.30500000000346933,4.464771429330702e-13,2.9358788628695867e-10,3.506148575063156,9.687965984994662e-10,9.592201961153467,4.145847817777805e-15,2239756314132.091,128.9106349218227,High,Normal,Relaxed
27-01-2026 18:16,56,135,109.09000000118778,13.231831242580096,0.30500000000346933,4.464771429330702e-13,2.9358788628695867e-10,3.506148575063156,9.687965984994662e-10,9.592201961153467,4.145847817777805e-15,2239756314132.091,128.9106349218227,High,Normal,Relaxed
27-01-2026 18:18,57,120,127.35639482826657,12.887077975684798,0.2477656242807039,0.048873036918061795,9.742876656588708,2.3491215923529194,30.328268227298423,7.901805886071953,0.001089193862724385,20.461179886908855,147.1770297489015,High,Normal,Very High Stress
27-01-2026 18:18,58,120,127.35639482826657,12.887077975684798,0.2477656242807039,0.048873036918061795,9.742876656588708,2.3491215923529194,30.328268227298423,7.901805886071953,0.001089193862724385,20.461179886908855,147.1770297489015,High,Normal,Very High Stress
27-01-2026 18:20,59,220,125.84716498831023,12.466648297808652,0.9375532931169519,0.1191168871716618,17.620782597771996,2.1239362261777055,69.53659444998651,7.254992522004466,7.597873365012487e-05,8.395115283350878,145.66779990894514,High,Normal,Very High Stress
27-01-2026 18:20,60,220,125.84716498831023,12.466648297808652,0.9375532931169519,0.1191168871716618,17.620782597771996,2.1239362261777055,69.53659444998651,7.254992522004466,7.597873365012487e-05,8.395115283350878,145.66779990894514,High,Normal,Very High Stress
27-01-2026 18:24,61,135,109.57592775353484,13.113747981817804,0.8000855495091803,0.25309217750695895,32.892915728843164,2.6318345365083187,84.70452190335126,8.462138615553517,-0.0057073648176598985,3.951129623405703,141.9888309793413,High,Normal,Very High Stress
27-01-2026 18:24,62,135,109.57592775353484,13.113747981817804,0.8000855495091803,0.25309217750695895,32.892915728843164,2.6318345365083187,84.70452190335126,8.462138615553517,-0.0057073648176598985,3.951129623405703,141.9888309793413,High,Normal,Very High Stress
09-02-2026 16:30,63,65,50.00000000057599,13.310054145076991,0.46936986736839725,0.1940741599372591,1.17540452888495e-10,0.6507607919015705,3.863860342789849e-10,2.2060931353836217,0.00833580759705937,5.152669476056386,69.82063492121091,Normal,Normal,Relaxed
09-02-2026 16:30,64,65,50.00000000057599,13.310054145076991,0.46936986736839725,0.1940741599372591,1.17540452888495e-10,0.6507607919015705,3.863860342789849e-10,2.2060931353836217,0.00833580759705937,5.152669476056386,69.82063492121091,Normal,Normal,Relaxed
09-02-2026 16:36,65,148,72.5291275554026,10.757852373025898,0.6100784150597135,0.2173016249979484,26.004823652364806,1.9719194990085378,94.1202468060217,6.747178926567611,-0.003886109369055179,4.601898398180139,92.34976247603751,Elevated,Low,Very High Stress
09-02-2026 16:42,66,121,83.96982691172907,14.770895126742392,0.8892755442927538,0.1693416233162235,13.244711483919486,0.659605073042461,41.57583859352709,2.1570761579629742,-0.0019767417932969444,5.905222711445431,103.790461832364,Elevated,Normal,Very High Stress
09-02-2026 16:42,67,121,83.96982691172907,14.770895126742392,0.8892755442927538,0.1693416233162235,13.244711483919486,0.659605073042461,41.57583859352709,2.1570761579629742,-0.0019767417932969444,5.905222711445431,103.790461832364,Elevated,Normal,Very High Stress
09-02-2026 16:44,68,9,52.17,11.828333333333335,0.7188888888888889,0.23853068752026202,0.0,0.2204257244515708,0.0,0.5849999999999991,-0.08152222222222213,4.192332694781903,71.99063492063493,Normal,Low,Relaxed
09-02-2026 16:44,69,9,52.17,11.828333333333335,0.7188888888888889,0.23853068752026202,0.0,0.2204257244515708,0.0,0.5849999999999991,-0.08152222222222213,4.192332694781903,71.99063492063493,Normal,Low,Relaxed
09-02-2026 16:45,70,107,66.67000000062181,13.86862224303158,1.0880987798835435,0.4670837614912631,1.214334916628585e-10,0.9874665514023646,5.217941634327872e-10,3.115781261857334,0.014085614545232458,2.140943621776295,86.49063492125674,Normal,Normal,Relaxed
09-02-2026 16:45,71,107,66.67000000062181,13.86862224303158,1.0880987798835435,0.4670837614912631,1.214334916628585e-10,0.9874665514023646,5.217941634327872e-10,3.115781261857334,0.014085614545232458,2.140943621776295,86.49063492125674,Normal,Normal,Relaxed
09-02-2026 16:47,72,93,57.786431450552925,13.502528525029335,1.813355482415071,0.6404448522976984,1.9715749575303438,1.6097798586957628,5.882897961600271,5.47097195663029,0.018590818049592717,1.5614146891997647,90.19933467635937,Elevated,Normal,Very High Stress
09-02-2026 16:47,73,93,57.786431450552925,13.502528525029335,1.813355482415071,0.6404448522976984,1.9715749575303438,1.6097798586957628,5.882897961600271,5.47097195663029,0.018590818049592717,1.5614146891997647,90.19933467635937,Elevated,Normal,Very High Stress
09-02-2026 16:47,74,93,57.786431450552925,13.502528525029335,1.813355482415071,0.6404448522976984,1.9715749575303438,1.6097798586957628,5.882897961600271,5.47097195663029,0.018590818049592717,1.5614146891997647,90.19933467635937,Elevated,Normal,Very High Stress
09-02-2026 16:47,75,93,57.786431450552925,13.502528525029335,1.813355482415071,0.6404448522976984,1.9715749575303438,1.6097798586957628,5.882897961600271,5.47097195663029,0.018590818049592717,1.5614146891997647,90.19933467635937,Elevated,Normal,Very High Stress
11-02-2026 07:15,76,149,65.77049110315532,12.70479185173263,0.5888339245442439,0.13374563003436152,21.351002630554124,2.6689250065206647,84.40108521452,8.442526373246057,-0.000983938862882451,7.4768798034229835,85.59112602379025,Normal,Normal,Very High Stress
11-02-2026 07:15,77,149,65.77049110315532,12.70479185173263,0.5888339245442439,0.13374563003436152,21.351002630554124,2.6689250065206647,84.40108521452,8.442526373246057,-0.000983938862882451,7.4768798034229835,85.59112602379025,Normal,Normal,Very High Stress
11-02-2026 07:48,78,107,62.68222881331077,12.733368876586214,0.4588062685748103,0.10667011327051959,7.934463109358173,1.7866930836503947,19.590528050566824,5.777004523298,4.767562549174473e-05,9.374697085620982,82.5028637339457,Normal,Normal,Very High Stress
11-02-2026 07:48,79,107,62.68222881331077,12.733368876586214,0.4588062685748103,0.10667011327051959,7.934463109358173,1.7866930836503947,19.590528050566824,5.777004523298,4.767562549174473e-05,9.374697085620982,82.5028637339457,Normal,Normal,Very High Stress
13-02-2026 09:36,80,30,84.14796128490116,12.82597255852619,0.6624057289851675,0.16085444750736053,23.751878615039775,2.777422484460041,75.23258933408239,8.81670554856914,-0.01775827105918446,6.2168004397530945,103.96859620553607,Elevated,Normal,Very High Stress
13-02-2026 09:36,81,30,84.14796128490116,12.82597255852619,0.6624057289851675,0.16085444750736053,23.751878615039775,2.777422484460041,75.23258933408239,8.81670554856914,-0.01775827105918446,6.2168004397530945,103.96859620553607,Elevated,Normal,Very High Stress
13-02-2026 09:51,82,79,120.00000000092253,14.438922784334808,0.7653941713004729,0.004750341788409773,3.293911933704466e-10,0.3993705143451535,1.0907257319558994e-09,1.1519798166251292,0.00010601658660591184,210.51116836263702,139.82063492155746,High,Normal,Relaxed
13-02-2026 09:51,83,79,120.00000000092253,14.438922784334808,0.7653941713004729,0.004750341788409773,3.293911933704466e-10,0.3993705143451535,1.0907257319558994e-09,1.1519798166251292,0.00010601658660591184,210.51116836263702,139.82063492155746,High,Normal,Relaxed
13-02-2026 09:56,84,120,86.47257833869757,12.79560676641114,0.4064702921503812,0.042383819026162034,15.133918268841356,1.8896508088774746,38.735664979286085,5.231892579076229,-0.0010836614600606028,23.59390972726491,106.2932132593325,Elevated,Normal,Very High Stress
13-02-2026 09:56,85,120,86.47257833869757,12.79560676641114,0.4064702921503812,0.042383819026162034,15.133918268841356,1.8896508088774746,38.735664979286085,5.231892579076229,-0.0010836614600606028,23.59390972726491,106.2932132593325,Elevated,Normal,Very High Stress
13-02-2026 10:20,86,112,109.09000000109538,11.31173846017951,1.6510000000174085,3.770904639665672e-12,2.954649739461988e-10,2.041140671916153,1.0805507599798148e-09,6.299776979694236,5.302413355167069e-15,265188355462.80478,128.9106349217303,High,Low,Relaxed
13-02-2026 10:20,87,112,109.09000000109538,11.31173846017951,1.6510000000174085,3.770904639665672e-12,2.954649739461988e-10,2.041140671916153,1.0805507599798148e-09,6.299776979694236,5.302413355167069e-15,265188355462.80478,128.9106349217303,High,Low,Relaxed
14-02-2026 17:29,88,120,69.76544164459389,11.733177710076932,0.4368855893601624,0.07104371841950834,5.767722414633017,2.3695497836529094,21.43881065192886,7.388898130119764,-0.0014411837884309867,14.075839810285096,89.58607656522881,Normal,Low,Very High Stress
14-02-2026 17:29,89,120,69.76544164459389,11.733177710076932,0.4368855893601624,0.07104371841950834,5.767722414633017,2.3695497836529094,21.43881065192886,7.388898130119764,-0.0014411837884309867,14.075839810285096,89.58607656522881,Normal,Low,Very High Stress
14-02-2026 17:29,90,120,69.76544164459389,11.733177710076932,0.4368855893601624,0.07104371841950834,5.767722414633017,2.3695497836529094,21.43881065192886,7.388898130119764,-0.0014411837884309867,14.075839810285096,89.58607656522881,Normal,Low,Very High Stress
